product_id,code,description,category,brand,manufacturer,status
26513332,8801038116044,DORCO PACE 4(RAZ+BLD) ,BPZ - BANDED PACKS,DORCO,DORCO LTD,Active
75891568,4005800301995,NIVEA MEN ODNIM DVIZHENIEM(SHP FO200+MFR C&B75) ,BPZ - BANDED PACKS,NIVEA MEN (BEIERSDORF),BEIERSDORF,Active
20149688,4015400159643,NATURELLA CAMOMILE NORMAL WO 10+20P(50%F ,BPZ - BANDED PACKS,NA,NA,Active
66661175,4015100436105,GLISS KUR OB`YOM I VOSSTANOVLENIE(SHM250+HCR200) ,BPZ - BANDED PACKS,GLISS KUR (LAB INDUSTRIES/MOSKVA),LAB INDUSTRIES/MOSKVA,Active
45480879,3574661468297,LE PET.MAR(250XSRG APEL&GREYPFR+SHM 3TSV&GREYPFR) ,BPZ - BANDED PACKS,LE PETIT MARSEILLAIS (KENVUE),KENVUE,Active
75180201,4005800301476,NIVEA (SRG UVL. I ZABOTA 250+DEO EFEKT PUDRY 50) ,BPZ - BANDED PACKS,NIVEA (BEIERSDORF),BEIERSDORF,Active
64794889,4005800282669,NIVEA PITANIE I KRASOTA(HAC 75+SRG 250) ,BPZ - BANDED PACKS,NIVEA (BEIERSDORF),BEIERSDORF,Active
20836179,3086123273504,BIC FLEX 3 HYBRID(RAZ+BLD 3CO) ,BPZ - BANDED PACKS,BIC (VIOLEX BIC),VIOLEX BIC,Active
71940572,4005800297205,NIVEA MEN (SRG BOOST 3IN1 500+SHM ZARYAD CHISTOTY 250 FR) ,BPZ - BANDED PACKS,NIVEA MEN (BEIERSDORF),BEIERSDORF,Active
75179237,4005800301155,NIVEA GLADKIY SHYOLK(SRG KR.I KOK.250+DEO CH.I BEL.NEV.50) ,BPZ - BANDED PACKS,NIVEA (BEIERSDORF),BEIERSDORF,Active
75179762,4005800301315,NIVEA LOVE (SRG LOVE TO DR.250+DEO LOVE BE TR.50) ,BPZ - BANDED PACKS,NIVEA (BEIERSDORF),BEIERSDORF,Active
20833009,3014260262693,VENUS FOR WOMEN(RAZ+BLD) ,BPZ - BANDED PACKS,VENUS (PROCTER & GAMBLE),PROCTER & GAMBLE,Active
22221689,4005800111150,NIVEA (SRG MOM.NASL.250+HAC UVL.75 FR) ,BPZ - BANDED PACKS,NIVEA (BEIERSDORF),BEIERSDORF,Active
57353742,4015100308112,SCHAUMA+FA KIDS D/YUNOGO GEROYA(SHM225+SRG250+CPC FR) ,BPZ - BANDED PACKS,UNABLE TO SEGMENT (HENKEL),HENKEL,Active
146722272,3086123711525,BIC FLEX 5 HYBRID(RAZ+BLD 1CO+CPC) ,BPZ - BANDED PACKS,BIC (VIOLEX BIC),VIOLEX BIC,Active
64812136,4005800282621,NIVEA UNIVERSAL`NIY UKHOD(BCR75+SOA UVL.I ZAB.100 20%) ,BPZ - BANDED PACKS,NIVEA (BEIERSDORF),BEIERSDORF,Active
20836491,3014260243555,GILLET.MACH 3(RAZ+BLD) ,BPZ - BANDED PACKS,GILLETTE (PROCTER & GAMBLE),PROCTER & GAMBLE,Active
54300213,4015100311488,GLISS KUR EKSTR.VOSST.(SHM250+HCR200 FR) ,BPZ - BANDED PACKS,GLISS KUR (LAB INDUSTRIES/MOSKVA),LAB INDUSTRIES/MOSKVA,Active
67898600,3574661596563,LE PET.MARS.MEN(2XSRGX250 KEDR&MIN+SAND&VAN) ,BPZ - BANDED PACKS,LE PETIT MARSEILLAIS (KENVUE),KENVUE,Active
23394210,4015400683094,ALWAYS ULT.NOR.PL.20+DISCR.W.L ILY20P(FR) ,BPZ - BANDED PACKS,NA,NA,Active
67911838,3574661595764,JOHNSON`S(300XSHM 2IN1 HB+SRG KIDS+CPC FR) ,BPZ - BANDED PACKS,JOHNSON`S (KENVUE),KENVUE,Active
55247892,4005800263125,NIVEA KRAS.KOZH(FCR KR.KOZH.D50 35% + FW MAKE UP Y125) ,BPZ - BANDED PACKS,NIVEA (BEIERSDORF),BEIERSDORF,Active
32343450,4005800172557,NIVEA (FW DVOYN.EFF.125+LPS BAZ.UKH.FR) ,BPZ - BANDED PACKS,NIVEA (BEIERSDORF),BEIERSDORF,Active
64793113,4005800282560,NIVEA SVEZHEST` LEMONGRASSA(BCR SOFT 100+SRG  250 50%) ,BPZ - BANDED PACKS,NIVEA (BEIERSDORF),BEIERSDORF,Active
49915282,4015600818432,OLD SPICE WOLFTHORN(DEO STO50+SRG250) ,BPZ - BANDED PACKS,OLD SPICE (PROCTER & GAMBLE),PROCTER & GAMBLE,Active
83422993,3086123680227,BIC SOLEIL CLIC 5(RAZ+BLD) ,BPZ - BANDED PACKS,BIC (VIOLEX BIC),VIOLEX BIC,Active
223874985,4610095923823,DOM PRIRODY SLAD.KOMPLIMENT MYOD I VAN(BCR100+HAC30+SOA90),BPZ - BANDED PACKS,DOM PRIRODY (DOM PRIRODY MANUFAKTURA/SIMFEROPOL`),DOM PRIRODY MANUFAKTURA/SIMFEROPOL`,Active
76569252,4015100722185,SCHAUMA+FA MEN NOCHNOY GOROD(SHM380+SRG250) ,BPZ - BANDED PACKS,UNABLE TO SEGMENT (HENKEL),HENKEL,Active
223872660,4606453097220,ESTEL KUL`TURA KRASOTY MENUET(SHM300ML+HCR250ML+HST75ML),BPZ - BANDED PACKS,ESTEL (ESTEL/SANKT-PETERBURG),ESTEL/SANKT-PETERBURG,Active
223872673,8006530022064,PANT.PRO-V GUSTYE I KREPKIE (SHM250+HCR180),BPZ - BANDED PACKS,PANTENE PRO-V (PROCTER & GAMBLE),PROCTER & GAMBLE,Active
223880913,4630037511109,GRASS (SHP 10+BLD),BPZ - BANDED PACKS,GRASS (GRASS TD/VOLGOGRAD),GRASS TD/VOLGOGRAD,Active
223887158,4680117422993,VEGAN.LOVE.STUDIO PEPPER AMBER & NEROLI(SRG300ML+BCR150ML),BPZ - BANDED PACKS,VEGAN.LOVE.STUDIO (DEL`TA PARFYUM/MOSKOVSKAYA OBL.),DEL`TA PARFYUM/MOSKOVSKAYA OBL.,Active
223867302,4605922040002,REXONA+BARKH.RUCHKI PRYAMO V SERDTSE(DEO50ML+HAC45ML),BPZ - BANDED PACKS,UNABLE TO SEGMENT (ARNEST/UNIRUS),ARNEST/UNIRUS,Active
223875017,4660272500415,DOM PRIRODY LAVANDOVOE POLE(SHM200G+HCR200G+BCR150ML),BPZ - BANDED PACKS,DOM PRIRODY (DOM PRIRODY MANUFAKTURA/SIMFEROPOL`),DOM PRIRODY MANUFAKTURA/SIMFEROPOL`,Active
223875021,4660272502761,DOM PRIRODY SLADKIY MINDAL`(SRG300+BCR300+HAC50+CPC),BPZ - BANDED PACKS,DOM PRIRODY (DOM PRIRODY MANUFAKTURA/SIMFEROPOL`),DOM PRIRODY MANUFAKTURA/SIMFEROPOL`,Active
223872671,4680046279453,ORGANELL JUICY PEACH (SRG250ML+CPC),BPZ - BANDED PACKS,ORGANELL (ZELYONAYA MANUFAKTURA/MOSKVA),ZELYONAYA MANUFAKTURA/MOSKVA,Active
223884588,3661434010453,URIAGE AGE ABSOLU (FCR 30ML+FCR Y15 FR),BPZ - BANDED PACKS,URIAGE (ANTONIO PUIG/BARSELONA),ANTONIO PUIG/BARSELONA,Active
223875012,4660272500392,KRYMSKIY LEKAR` OBLEPIKHA (SHM250ML+HCR200ML+SOA 2X100G),BPZ - BANDED PACKS,KRYMSKIY LEKAR` (MDP/SIMFEROPOL`),MDP/SIMFEROPOL`,Active
223889036,4640089153400,BLUE MARINE FOR MAN (SHM250+SHP M200),BPZ - BANDED PACKS,BLUE MARINE,FESTIVA/MOSKVA,Active
223874971,4605922039723,AKS NA PLYAZHE (SRG250ML+DEO50ML),BPZ - BANDED PACKS,AKS (ARNEST/UNIRUS),ARNEST/UNIRUS,Active
223884901,6976504684302,ZHIDUO RED POMEGRANATE FRESH (2XFW+4XFCR),BPZ - BANDED PACKS,ZHIDUO (GUANGZHOU OBO GROUP/CHINA),GUANGZHOU OBO GROUP/CHINA,Active
223890396,4670204600700,EDEN FOR MEN POWER&BRUTALITY(SHP125ML+SHM250ML+SRG250ML),BPZ - BANDED PACKS,EDEN (SCENT GK/KIROV),SCENT GK/KIROV,Active
223880907,4605922039556,AKS EPIK FRESH (SRG250ML+DEO50ML),BPZ - BANDED PACKS,AKS (ARNEST/UNIRUS),ARNEST/UNIRUS,Active
223872770,4605922039587,AKS (2XSRG250ML NA PLYAZHE+COOL OCEAN),BPZ - BANDED PACKS,AKS (ARNEST/UNIRUS),ARNEST/UNIRUS,Active
223872672,4680046279477,ORGANELL TERRE FOR MEN (SRG250ML+CPC),BPZ - BANDED PACKS,ORGANELL (ZELYONAYA MANUFAKTURA/MOSKVA),ZELYONAYA MANUFAKTURA/MOSKVA,Active
223874974,4605922040033,BARKHATNYE RUCHKI S TEPLOTOY DLYA TEBYA (2HACX80),BPZ - BANDED PACKS,BARKHATNYE RUCHKI (ARNEST/UNIRUS),ARNEST/UNIRUS,Active
223880908,4605922039976,REKSONA SPORT+FITSTARS (SRG200ML+DEO250ML),BPZ - BANDED PACKS,REKSONA (ARNEST/UNIRUS),ARNEST/UNIRUS,Active
223874956,8718951757295,PALMOLIVE TVOYO PASSLAB. I ROSK.MYAG.(SRG250ML+SOA90G+CPC),BPZ - BANDED PACKS,PALMOLIVE (COLGATE-PALMOLIVE),COLGATE-PALMOLIVE,Active
223880928,8801038615691,DORCO SLEEK (RAZ+BLD),BPZ - BANDED PACKS,DORCO,DORCO LTD,Active
223874977,4606453086910,ESTEL PROF.HAUT.COUT.PROART ISKUSST.LOKONOV(2XHSTX300+HCR50),BPZ - BANDED PACKS,ESTEL PROFESSIONAL (ESTEL/SANKT-PETERBURG),ESTEL/SANKT-PETERBURG,Active
223880927,8718951755031,PALMOLIVE NAT.INTENS.UVLAZHNENIE(SRG250ML+SOA90G),BPZ - BANDED PACKS,PALMOLIVE (COLGATE-PALMOLIVE),COLGATE-PALMOLIVE,Active
223872666,4630147179688,AWARD NOVOG(2CATXCHI&CR&C&F OIL UR 1.5KG+CHI UR SA 85G FR),BPZ - BANDED PACKS,AWARD (VALTA PET PRODAKTS/MOSKVA),VALTA PET PRODAKTS/MOSKVA,Active
223880916,4640286999931,MISS ORGANIC LOVE IS IN THE AIR (SRG290ML+CPC),BPZ - BANDED PACKS,MISS ORGANIC (GLOBAL BIO COSMETIC/MOSKVA),GLOBAL BIO COSMETIC/MOSKVA,Active
223887139,4627159387415,DOLIVA BLESK SHYOLKA (SHM400ML+HCR400ML),BPZ - BANDED PACKS,DOLIVA (DR.THEISS NATURWAREN/GERMANY),DR.THEISS NATURWAREN/GERMANY,Active
222989927,4607001773955,COF L`OR DELICATE COLLECTION 4X52G(208G) ,BPZ - BANDED PACKS,L`OR (JDE),JACOBS DOUWE EGBERTS,Active
146729188,4752171018952,AURA (BCR DELIC.TOUCH 100ML+SRG BEST MOMENTS 250ML) ,BPZ - BANDED PACKS,AURA (COTTON CLUB),COTTON CLUB,Active
168169489,4607953917346,COMPLIMENT REGEN.I MYAGK.D/RUK N2041(2XHACX75ML) ,BPZ - BANDED PACKS,COMPLIMENT (TIMEKS KOSMETIK/MOSKVA),TIMEKS KOSMETIK/MOSKVA,Active
204299084,8700216593373,GILLETTE (SHP KLAS.FO 50ML+MFR USPOK.G 75ML) ,BPZ - BANDED PACKS,GILLETTE (PROCTER & GAMBLE),PROCTER & GAMBLE,Active
208546222,4630040347788,BORODATOS ONLY FOR MEN (FW190ML+2XMFR 200ML+75ML+DEO50ML) ,BPZ - BANDED PACKS,BORODATOS (NARODNYE PROMYSLY/MOSKVA),NARODNYE PROMYSLY/MOSKVA,Active
147060668,4630040344893,BORODATOS SPECIAL FOR YOU(SHP75ML+MFR75ML) ,BPZ - BANDED PACKS,BORODATOS (NARODNYE PROMYSLY/MOSKVA),NARODNYE PROMYSLY/MOSKVA,Active
209287223,8700216599900,HEAD&SHOULDERS+SAFEGUARD(SHM 2V1 OSN.UKH.200ML+SOA KLAS.90G) ,BPZ - BANDED PACKS,UNABLE TO SEGMENT (PROCTER & GAMBLE),PROCTER & GAMBLE,Active
145819815,4600999057007,YA SAMAYA ROSY FACE(FW200ML+FS50ML) ,BPZ - BANDED PACKS,YA SAMAYA (COTTON CLUB),COTTON CLUB,Active
143061693,4680117406030,GENTLE MAN D/CHUVST.KOZHI(SHP200ML+MFR100ML) ,BPZ - BANDED PACKS,GENTLE (DEL`TA PARFYUM/MOSKOVSKAYA OBL.),DEL`TA PARFYUM/MOSKOVSKAYA OBL.,Active
156901694,4752171018471,MIRYOKU HAIR CARE UVLAZHNENIE I PITANIE(SHM150ML+HCR150ML) ,BPZ - BANDED PACKS,MIRYOKU (COTTON CLUB),COTTON CLUB,Active
169819742,4678597499239,THE ACT (2XBCRX150 + HAC65) ,BPZ - BANDED PACKS,THE ACT (EKT/MOSKVA),EKT/MOSKVA,Active
199170094,4678597699271,THE ACT (2XBCRX300G SEA SALT&COCO+DETOX.FT) ,BPZ - BANDED PACKS,THE ACT (EKT/MOSKVA),EKT/MOSKVA,Active
221792073,4640253903183,AROMA HARMONY DUO (2XAFRX30ML SUNNY YUZU+HERBAL GARDEN) ,BPZ - BANDED PACKS,AROMA HARMONY (AROMA KHOUM/SOLNECHNOGORSK),AROMA KHOUM/SOLNECHNOGORSK,Active
219007618,4630420060252,THE ACT UNIVERS.UKHOD (2XFW FO100ML+T200ML) ,BPZ - BANDED PACKS,THE ACT (EKT/MOSKVA),EKT/MOSKVA,Active
204256812,8700216588898,GILLETTE MACH 3 (RAZ 1C+SHP USPOK.G75ML) ,BPZ - BANDED PACKS,GILLETTE (PROCTER & GAMBLE),PROCTER & GAMBLE,Active
222567664,4630420060269,THE ACT (HAC 65ML+BCR F 150ML) ,BPZ - BANDED PACKS,THE ACT (EKT/MOSKVA),EKT/MOSKVA,Active
192379390,4605922005810,REXONA MEN SIL`NEE SOMNENIY (DEO150ML+SRG180ML),BPZ - BANDED PACKS,REKSONA (ARNEST/UNIRUS),ARNEST/UNIRUS,Active
223887136,4610262613199,LARUN THE SWEET MAGICAL LAND (HAC75 + BCR100),BPZ - BANDED PACKS,LARUN (PL DROGERY SOYUZ),PL DROGERY SOYUZ,Active
223887137,4610262613205,LARUN THE SWEET MAGICAL LAND (2XHAC75),BPZ - BANDED PACKS,LARUN (PL DROGERY SOYUZ),PL DROGERY SOYUZ,Active
217857907,8700216909662,GILLETTE+OLD SPICE (SHP USPOK.FO200ML+SRG WHITEW.250ML) ,BPZ - BANDED PACKS,UNABLE TO SEGMENT (PROCTER & GAMBLE),PROCTER & GAMBLE,Active
223841461,4680117417302,DELTA COSMETICS ABSOLUTE PLATINUM (SRG250ML+CPC),BPZ - BANDED PACKS,DELTA COSMETICS (DEL`TA PARFYUM/MOSKOVSKAYA OBL.),DEL`TA PARFYUM/MOSKOVSKAYA OBL.,Active
169177098,4630049647506,COMPLIMENT HYDRAL.HYALUR.N1132(3XFCR 2X50ML+23ML) ,BPZ - BANDED PACKS,COMPLIMENT (TIMEKS KOSMETIK/MOSKVA),TIMEKS KOSMETIK/MOSKVA,Active
223870931,8006530107600,GILLETTE FUSION (RAZ+11BLD+CPC FR),BPZ - BANDED PACKS,GILLETTE (PROCTER & GAMBLE),PROCTER & GAMBLE,Active
151199208,4650212701972,VIKING ISTOCHNIK SILY (2XSRGX300ML HB+CD) ,BPZ - BANDED PACKS,VIKING (RUSSKAYA KOSMETIKA/ODINTSOVO MOSK.OBL.),RUSSKAYA KOSMETIKA/ODINTSOVO MOSK.OBL.,Active
223857908,4610427791045,YA SAMAYA FLOWER FLEUR (SRG250ML+BCR100ML),BPZ - BANDED PACKS,YA SAMAYA (COTTON CLUB),COTTON CLUB,Active
216012171,4602159024638,TRI KOTA ZIMNIE KANIKULY (SRG BATH+SHM 2X250ML) ,BPZ - BANDED PACKS,TRI KOTA (GALANT KOSMETIK/MOSKVA),GALANT KOSMETIK/MOSKVA,Active
223853794,4650017012938,CAFE MIMI 11V1 (4XBCR+2XSRG+2XSHM+HCR+LPS+HAC+CPC FR),BPZ - BANDED PACKS,CAFE MIMI (GRINKOSMETIK GRUPP/MOSKVA),GRINKOSMETIK GRUPP/MOSKVA,Active
85364112,0110028733139,SYNERGETIC (DTR 5L+BLE SRDA 1L) ,BPZ - BANDED PACKS,SYNERGETIC (SYNERGETIC/N.NOVGOROD),SYNERGETIC/N.NOVGOROD,Active
68039460,4627150238341,ROYAL CANIN (3XDOG A DIG SM S 3KG+A DIG PA H 2X0.085KG FR) ,BPZ - BANDED PACKS,ROYAL CANIN (ROYAL CANIN/FRANCE),ROYAL CANIN/FRANCE,Active
182771229,4665315281405,ART&FACT.D/MATIR.I OCHITSH.(2XFW T 150ML)1+1 ,BPZ - BANDED PACKS,ART&FACT. (CARELY GROUP/MOSKVA),CARELY GROUP/MOSKVA,Active
156900920,4640145084860,LISS KROULLY FRESH POWER MN-2303(SHM260ML+SRG260ML) ,BPZ - BANDED PACKS,LISS KROULLY (LISS KROULLY LLP/GREAT BRITAIN),LISS KROULLY LLP/GREAT BRITAIN,Active
147362720,4680019159614,RETSEPTY BABUSHKI AGAF`I LUGOVYE TRAVY(SRG200ML+BCR200ML) ,BPZ - BANDED PACKS,RETSEPTY BABUSHKI AGAF`I (NATURA SIBERICA/MOSKVA),NATURA SIBERICA/MOSKVA,Active
40135190,4607154693360,VILENTA BLACKHEAD HOT&COOL PURE PORE(2XFSX50) ,BPZ - BANDED PACKS,VILENTA (SOFIS/MOSKVA),SOFIS/MOSKVA,Active
153526686,4670114710933,VILENTA MY BEAUTY WEEK (10XFS) ,BPZ - BANDED PACKS,VILENTA (SOFIS/MOSKVA),SOFIS/MOSKVA,Active
104163615,4660018509757,CHETVERONOGIY GURMAN GL (6XDOGX0.34KG HOR+LAM+RA+CHI+ BE+TU) ,BPZ - BANDED PACKS,CHETVERONOGIY GURMAN (CHETVERONOGIY GURMAN/MOSKVA),CHETVERONOGIY GURMAN/MOSKVA,Active
85989834,4640145082354,LISS KROULLY WN-2202(2XSRGX260 CD+BATH) ,BPZ - BANDED PACKS,LISS KROULLY (LISS KROULLY LLP/GREAT BRITAIN),LISS KROULLY LLP/GREAT BRITAIN,Active
205895100,4680059333777,HOLLY POLLY CANDY PLAY LIST (3XLPSX4.8G) ,BPZ - BANDED PACKS,HOLLY POLLY (SI AY DI GRUPP/MOSKVA),SI AY DI GRUPP/MOSKVA,Active
89542246,4650056498335,DEONICA S NEZHNOST`YU(DEO NEVID.50+HAC PIT.24),BPZ - BANDED PACKS,DEONICA (ARNEST/ARNEST),ARNEST/ARNEST,Active
147047829,4630039536421,ORGANIC SHOP BODRYATSHIY(SHM200ML+SRG200ML) ,BPZ - BANDED PACKS,ORGANIC SHOP (NATURA SIBERICA/MOSKVA),NATURA SIBERICA/MOSKVA,Active
223856881,4630274257259,PRINTSESSA ROZOVYE MECHTY (SHM250ML+SRG250ML+CPC FR),BPZ - BANDED PACKS,PRINTSESSA (BIG/MOSKVA),BIG/MOSKVA,Active
198188909,4680117415339,DELTA COSMETICS ACTIVE LINE (SHM250ML+SRG250L) ,BPZ - BANDED PACKS,DELTA COSMETICS (DEL`TA PARFYUM/MOSKOVSKAYA OBL.),DEL`TA PARFYUM/MOSKOVSKAYA OBL.,Active
94801348,4620018872541,COMPLIMENT POWER ZONE REAL ENERGY N1690(FS100+MFR100) ,BPZ - BANDED PACKS,COMPLIMENT (TIMEKS KOSMETIK/MOSKVA),TIMEKS KOSMETIK/MOSKVA,Active
26383618,4680008124678,BLUE MARINE FOR MAN SPORT(SRG DC+SHP M) ,BPZ - BANDED PACKS,BLUE MARINE,FESTIVA/MOSKVA,Active
49195161,4680008124708,BLUE MARINE FOR MEN (250XSHM+SRG) ,BPZ - BANDED PACKS,BLUE MARINE,FESTIVA/MOSKVA,Active
65000502,4680016720657,KING (125XSHP G+MFR G-B) ,BPZ - BANDED PACKS,KING (PARIS LINE PARFUMS/FRANCE),PARIS LINE PARFUMS/FRANCE,Active
53710687,4627150233582,ZZZ1 ,BPZ - BANDED PACKS,ROYAL CANIN (ROYAL CANIN/FRANCE),ROYAL CANIN/FRANCE,Active
49692108,4680016720626,KING FOR MEN (SHP FO 200+T/V 100) ,BPZ - BANDED PACKS,KING (PARIS LINE PARFUMS/FRANCE),PARIS LINE PARFUMS/FRANCE,Active
53674096,4627150233728,ROYAL CANIN SHN MINI(2XDOG PUP.0.8KG+PUP.SAU.H0.085KG FR) ,BPZ - BANDED PACKS,ROYAL CANIN (ROYAL CANIN/FRANCE),ROYAL CANIN/FRANCE,Active
210345091,4673737809749,LIKE TIME RUSSKIY STANDART (SHM250ML+SRG250ML) ,BPZ - BANDED PACKS,LIKE TIME (BRK-KOSMETIKS/MOSKVA),BRK-KOSMETIKS/MOSKVA,Active
49834798,4620018873166,COMPLIMENT UNIVERS.TEAM MAN ONLY N1290(200XSHM+BCR) ,BPZ - BANDED PACKS,COMPLIMENT (TIMEKS KOSMETIK/MOSKVA),TIMEKS KOSMETIK/MOSKVA,Active
82654535,4640089150249,BLUE MARINE COOL F/MEN(SHM250+SRG250) ,BPZ - BANDED PACKS,BLUE MARINE,FESTIVA/MOSKVA,Active
216111942,4670113617943,MY MUSE ZATSHITA TSVETA 3D MATRIX+(SHM250+2XHCR 250+150) ,BPZ - BANDED PACKS,MY MUSE (GRASS TD/VOLGOGRAD),GRASS TD/VOLGOGRAD,Active
49728853,4660018603240,EKOLLA-BIO DLYA DEVOCHEK(200XSHM+SRG) ,BPZ - BANDED PACKS,EKOLLA-BIO (BIOKON PLYUS NPO/MOSKVA),BIOKON PLYUS NPO/MOSKVA,Active
69714019,4630049644529,COMPLIMENT TSVETOCHNIY RAY N1881(SRG250+BCR200) ,BPZ - BANDED PACKS,COMPLIMENT (TIMEKS KOSMETIK/MOSKVA),TIMEKS KOSMETIK/MOSKVA,Active
179411651,4640089152496,SWEET FOOD LIMONNIY PUDING(SHM250ML+SRG250ML) ,BPZ - BANDED PACKS,SWEET FOOD (FESTIVA/MOSKVA),FESTIVA/MOSKVA,Active
42835945,4630019130717,PRIPRAVICH NA DACHU SSN(D.KART+D.ST&GR&BARB+D.SHASH) ,BPZ - BANDED PACKS,PRIPRAVYCH (PROKSIMA/NOVOSIBIRSK),PROKSIMA/NOVOSIBIRSK,Active
24461796,4607082850736,SILAPANT N1(250MLXSHM+HCR B-C) ,BPZ - BANDED PACKS,NA,NA,Active
214827259,4630262807879,FOAMMEN+CARELAX MEN GIFT BOX EXTRA FRESH(SHM75+SRG75+SHP200) ,BPZ - BANDED PACKS,UNABLE TO SEGMENT (ERA HPC DISTRIBUTION/SANKT-PETERBURG),ERA HPC DISTRIBUTION/SANKT-PETERBURG,Active
152558192,4640145084686,LISS KROULLY WN-2311(2XHACX75 C+MC) ,BPZ - BANDED PACKS,LISS KROULLY (LISS KROULLY LLP/GREAT BRITAIN),LISS KROULLY LLP/GREAT BRITAIN,Active
84766093,4630046811146,GOLD STANDART MAGIC MIGHT(DEO75+T/V50) ,BPZ - BANDED PACKS,GOLD STANDART (ABAR/MINERALNYE VODY),ABAR/MINERALNYE VODY,Active
69935629,4640089150201,PROVANCE SHIPOVNIK (SHM250ML+SRG250ML) ,BPZ - BANDED PACKS,PROVANCE (FESTIVA/MOSKVA),FESTIVA/MOSKVA,Active
77997589,4630049643935,COMPLIMENT KIDS RADUGA N1900(SRG200+BAC150+CPC FR) ,BPZ - BANDED PACKS,COMPLIMENT (TIMEKS KOSMETIK/MOSKVA),TIMEKS KOSMETIK/MOSKVA,Active
174272130,4630084860793,SILAPANT FITOKOMPLEKS(BCR FOOT 75ML+HAC 75ML) ,BPZ - BANDED PACKS,SILAPANT (DVE LINII PKF),DVE LINII PKF,Active
84244314,4640030848416,TROLLS N4(SHM 2V1 200+SRG 2V1 200) ,BPZ - BANDED PACKS,TROLLS (RUSSKAYA KOSMETIKA/ODINTSOVO MOSK.OBL.),RUSSKAYA KOSMETIKA/ODINTSOVO MOSK.OBL.,Active
174664411,4690595066329,GURMANDIZSWEET DREAMS(EMC NON STOP VOLUME+LPS SOVA BELAYA) ,BPZ - BANDED PACKS,GURMANDIZ (PS GRUPP/SANKT-PETERBURG),PS GRUPP/SANKT-PETERBURG,Active
64819219,4627166862417,ROYAL CANIN M.COON KIT(2XCAT S 0.4KG+SA H 0.085KG FR) ,BPZ - BANDED PACKS,ROYAL CANIN (ROYAL CANIN/FRANCE),ROYAL CANIN/FRANCE,Active
148644025,4650118441552,BEAUTERICA RELAX COLLECTION N27(BCR100ML+SRG100ML) ,BPZ - BANDED PACKS,BEAUTERICA (KOSMEYA/MOSKVA),KOSMEYA/MOSKVA,Active
69943184,4627180241236,ROYAL CAN FEL.HEA.NUT(2XCAT AD.1-7 S0.4KG+ A.H0.085KGFR) ,BPZ - BANDED PACKS,ROYAL CANIN (ROYAL CANIN/FRANCE),ROYAL CANIN/FRANCE,Active
95179242,4607152730852,R.O.C.S.TRAVEL SET(TTH AKTIVNIY MAGNIY 25G+TBR M) ,BPZ - BANDED PACKS,R.O.C.S. (UNIDENT GROUP),UNIDENT GROUP,Active
22500547,4680008123725,SPA PLANET MINERAL N1(250MLXSHM+SRG) ,BPZ - BANDED PACKS,SP PLUS (BALTIYSKAYA KHIMICHESKAYA KOMPANIYA),FESTIVA/MOSKVA,Active
42682615,4614171250162,EVINAL N1(300XSHM ANTI HAIR LOSS+HCR D/US.ROSTA) ,BPZ - BANDED PACKS,EVINAL (EVINAL/MOSKVA),EVINAL/MOSKVA,Active
83212887,4630056266660,H2ORIZONT GLACIER WATER(SHM500+MFR110) ,BPZ - BANDED PACKS,H2ORIZONT (FEMILI KOSMETIK/MOSKVA),FEMILI KOSMETIK/MOSKVA,Active
223872662,4621848793044,LIKE TIME PERVIY IZ PERVYKH (SHM250ML+SRG250ML),BPZ - BANDED PACKS,LIKE TIME (BRK-KOSMETIKS/MOSKVA),BRK-KOSMETIKS/MOSKVA,Active
91545016,4673737809107,LIKE TIME URBAN(SHM250+SRG250) ,BPZ - BANDED PACKS,LIKE TIME (BRK-KOSMETIKS/MOSKVA),BRK-KOSMETIKS/MOSKVA,Active
69942879,4607953912259,TRAKTOR CHEMPION(250XSHM+SRG) ,BPZ - BANDED PACKS,TRAKTOR (TRAKTOR KHOKKEYNIY KLUB/CHELYABINSK),TRAKTOR KHOKKEYNIY KLUB/CHELYABINSK,Active
174504927,4660197024560,ELDERMEN+CHILLOUT COLA FREE (WKY 0.5L+2XDRN 0.33L) ,BPZ - BANDED PACKS,UNABLE TO SEGMENT,UNABLE TO SEGMENT,Active
26687945,4620010798702,Q.P.X.O.ORIGINAL N1005(250MLXSHM+SRG) ,BPZ - BANDED PACKS,X.O. (TIMEKS KOSMETIK/MOSKVA),TIMEKS KOSMETIK/MOSKVA,Active
40159627,4610003549176,NOCHN.OKHOT.3+1(2SA.SU.TU.100+BE.100+CHI.100)1F ,BPZ - BANDED PACKS,NOCHNOY OKHOTNIK (PRODKONTRAKTINVEST/ROSTOVSK.OBL.),PRODKONTRAKTINVEST/ROSTOVSK.OBL.,Active
53677390,2000064050018,BRIGHT CRYSTAL(SRG 250+P/V 30) ,BPZ - BANDED PACKS,BRIGHT CRYSTAL (ZELYONAYA MANUFAKTURA/MOSKVA),ZELYONAYA MANUFAKTURA/MOSKVA,Active
85104789,1103727195499,TOPBEAUTY 5 (RAZ+BLD) ,BPZ - BANDED PACKS,TOPBEAUTY (NASTOYATSHIY MUZHCHINA/CHEBOKSARY),NASTOYATSHIY MUZHCHINA/CHEBOKSARY,Active
81495385,3800002311008,MY ROSE OF BULGARIA KOMPL.UVLAZHNENIE(2XFCR 50+Y20+HAC75 FR) ,BPZ - BANDED PACKS,MY ROSE OF BULGARIA(LAVENA/BOLGARIYA),LAVENA/BOLGARIYA,Active
79246532,3616302023387,MEXX BLACK MAN(SRG50+T/V30) ,BPZ - BANDED PACKS,MEXX,MEXX,Active
79076924,1103727195536,TOPTECH PRO 3 (RAZ+9BLD) ,BPZ - BANDED PACKS,TOPTECH (NASTOYATSHIY MUZHCHINA/CHEBOKSARY),NASTOYATSHIY MUZHCHINA/CHEBOKSARY,Active
23561530,4016369667521,LACALUT AKTIV (TTH 75ML+ZUB.NIT`FREE) ,BPZ - BANDED PACKS,NA,NA,Active
76026197,1103727195475,TOPTECH PRO 3 (RAZ+24BLD) ,BPZ - BANDED PACKS,TOPTECH (NASTOYATSHIY MUZHCHINA/CHEBOKSARY),NASTOYATSHIY MUZHCHINA/CHEBOKSARY,Active
219542452,2019572507426,KAMISORI MASUTA (RAZ+4BLD) ,BPZ - BANDED PACKS,KAMISORI MASUTA (NINGBO JIANGBEI SHENGXING MOULD/CHINA),NINGBO JIANGBEI SHENGXING MOULD/CHINA,Active
219574269,2900099184385,MAX 5 BLADE (RAZ + BLD6C) ,BPZ - BANDED PACKS,MAX (SHANTOU MARBON DAILY/CHINA),SHANTOU MARBON DAILY/CHINA,Active
91855205,1220000152328,DIZAO LYUBI SEBYA! NEDELYA 7 NASTROENIY(7XFS) ,BPZ - BANDED PACKS,DIZAO (LU SHI TSAO/JAPAN),LU SHI TSAO/JAPAN,Active
70019573,3086123568891,BIC FLEX 2 HYBRID(RAZ+BLD 7CO) ,BPZ - BANDED PACKS,BIC (VIOLEX BIC),VIOLEX BIC,Active
90827869,1220000152946,DIZAO LYUBI SEBYA! TRI POZITIVA(3XFS 30+32+36) ,BPZ - BANDED PACKS,DIZAO (LU SHI TSAO/JAPAN),LU SHI TSAO/JAPAN,Active
100647986,0705514058744,IQTRAVELS (AFR LQ FRUKT VZRYV+CPC) ,BPZ - BANDED PACKS,IQTRAVELS (KUDASHEV IP/MAGNITOGORSK),KUDASHEV IP/MAGNITOGORSK,Active
143418661,8720633012097,PURE LINE BEAUTY PROTECTION(FCR F&GR 45ML+FW T110ML),BPZ - BANDED PACKS,PURE LINE (ARNEST/UNIRUS),ARNEST/UNIRUS,Active
85858484,8720633000490,AXE DARK TEMPTATION (DEO150+SRG250),BPZ - BANDED PACKS,AKS (ARNEST/UNIRUS),ARNEST/UNIRUS,Active
204471247,8690506552954,ARKO MEN COOL(SHP FO200ML+MFR C50ML) ,BPZ - BANDED PACKS,ARKO (EVYAP),EVYAP,Active
22329674,8005510005882,MONINI (EDB E.V.500M+JUI LEMON 200 FR) ,BPZ - BANDED PACKS,NA,NA,Active
93607941,7630040406802,MARTINI FIERO+RICH (VMT 1L+2XDRNX0.33) ,BPZ - BANDED PACKS,UNABLE TO SEGMENT,UNABLE TO SEGMENT,Active
68147759,7622201445089,YUBILEYNOE ZIMNEE ASSORTI!(3XSWB 121G+116G+116G) ,BPZ - BANDED PACKS,YUBILEYNOE (MONDELEZ INTERNATIONAL),MONDELEZ INTERNATIONAL,Active
20833105,7702018955497,VENUS EXTRA SMOOTH(RAZ+BLD) ,BPZ - BANDED PACKS,VENUS (PROCTER & GAMBLE),PROCTER & GAMBLE,Active
87678368,4670124170048,ECOLATIER EXTRA FRESH FOR MEN(SHM150+SRG150) ,BPZ - BANDED PACKS,ECOLATIER (GRINKOSMETIK GRUPP/MOSKVA),GRINKOSMETIK GRUPP/MOSKVA,Active
93603483,7630040406796,MARTINI BIAN+RICH (VMT 1L+2XDRNX0.33) ,BPZ - BANDED PACKS,UNABLE TO SEGMENT,UNABLE TO SEGMENT,Active
223845346,7630040411646,MARTINI BIAN+RICH (VMT 1L+2XDRNX0.33),BPZ - BANDED PACKS,UNABLE TO SEGMENT,UNABLE TO SEGMENT,Active
87673391,6937754009987,TOPTECH REAL MEN PROF.3 (RAZ+BLD) ,BPZ - BANDED PACKS,TOPTECH (NASTOYATSHIY MUZHCHINA/CHEBOKSARY),NASTOYATSHIY MUZHCHINA/CHEBOKSARY,Active
183736962,6900097009709,HARD LINE NASTOYATSHIY MUZHCHINA (SRG250ML+CPC) ,BPZ - BANDED PACKS,HARD LINE (SIMA-LEND/EKATERINBURG),SIMA-LEND/EKATERINBURG,Active
200451100,8700216586603,ORAL-B (THB VITALITY PRO+2 NASADKI SENSITIVE CLEAN) ,BPZ - BANDED PACKS,ORAL-B (PROCTER & GAMBLE),PROCTER & GAMBLE,Active
44119715,8714100724538,DOVE INTENS.VOSST.(SHM380+HCR180 FR),BPZ - BANDED PACKS,DAV (ARNEST/UNIRUS),ARNEST/UNIRUS,Active
65300124,7702018560288,GILLETTE SKINGUARD (RAZ+SHP FO250) ,BPZ - BANDED PACKS,GILLETTE (PROCTER & GAMBLE),PROCTER & GAMBLE,Active
75269179,8718951457522,PALMOLIVE DETSKIY (2XSRGX250 ALMOND+COCONUT+CPC FR) ,BPZ - BANDED PACKS,PALMOLIVE (COLGATE-PALMOLIVE),COLGATE-PALMOLIVE,Active
20833170,7702018874125,GILLETTE FUSION (RAZ+BLD) ,BPZ - BANDED PACKS,GILLETTE (PROCTER & GAMBLE),PROCTER & GAMBLE,Active
65301091,7702018565160,GILL.FUSION PROGL.(RAZ FLEXB.+BLD1C+SHP FUS.SENS.G200) ,BPZ - BANDED PACKS,GILLETTE (PROCTER & GAMBLE),PROCTER & GAMBLE,Active
36515637,4690214180252,ELSEVE 3 TSENNYE GLINY (SHM400 + HCR200 FREE) ,BPZ - BANDED PACKS,ELSEVE (LOREAL/LOREAL PARIS),LOREAL/LOREAL PARIS,Active
57920375,4690214571265,FRUCTIS SOS SUPER FRUKTY(400XSHM+HCR CRM) ,BPZ - BANDED PACKS,FRUCTIS (LOREAL/GARNIER LABORATORIES),LOREAL/GARNIER LABORATORIES,Active
56801943,8714100811832,TIMOTEI MEN PROKH.I SVEZH(SHM PROKH.I SV.400+SRG SVEZH.250) ,BPZ - BANDED PACKS,TIMOTEI (YELLOW WOOD PARTNERS/USA),YELLOW WOOD PARTNERS/USA,Active
85770418,8690506529178,ARKO COOL (SHP FO 200ML+MFR C 50ML) ,BPZ - BANDED PACKS,ARKO (EVYAP),EVYAP,Active
68910088,7702018583676,GILLETTE MACH 3 TURBO(RAZ+BLD 3C) ,BPZ - BANDED PACKS,GILLETTE (PROCTER & GAMBLE),PROCTER & GAMBLE,Active
45476585,8001090953155,GILL.+HEAD&SH(SHP SEN.FO250+SHM SP.FRESH200) ,BPZ - BANDED PACKS,UNABLE TO SEGMENT (PROCTER & GAMBLE),PROCTER & GAMBLE,Active
66707018,7702018566662,VENUS+SAT.CARE (RAZ SMOOTH 1C+SHP SENS.G75) ,BPZ - BANDED PACKS,UNABLE TO SEGMENT (PROCTER & GAMBLE),PROCTER & GAMBLE,Active
147053754,8690506545864,ARKO+BLADE (SHP SOOTH.HEMP FO200ML+DEO DEEP CHILL 150ML) ,BPZ - BANDED PACKS,UNABLE TO SEGMENT (EVYAP),EVYAP,Active
45490666,8001090953032,OLD SPICE WHITEWATER(DEO150+SRG250) ,BPZ - BANDED PACKS,OLD SPICE (PROCTER & GAMBLE),PROCTER & GAMBLE,Active
20832104,7702018020706,GILLET.MACH 3(RAZ+BLD) ,BPZ - BANDED PACKS,GILLETTE (PROCTER & GAMBLE),PROCTER & GAMBLE,Active
208909167,7610113027899,OAKHEART SP.G+RICH DIET(RMS 0.7L+2XDRNX0.33) ,BPZ - BANDED PACKS,UNABLE TO SEGMENT,UNABLE TO SEGMENT,Active
20832953,7702018967230,VENUS SPA BREEZE(RAZ+BLD) ,BPZ - BANDED PACKS,VENUS (PROCTER & GAMBLE),PROCTER & GAMBLE,Active
20833111,7702018886272,VENUS BREEZE FOR WOMEN(RAZ+BLD) ,BPZ - BANDED PACKS,VENUS (PROCTER & GAMBLE),PROCTER & GAMBLE,Active
83336889,8056234473075,7 DAYS MY BEAUTY WEEK WORK OUT FOR YOUR SKIN(2XFCR C50+V20) ,BPZ - BANDED PACKS,7 DAYS (SOFIS/MOSKVA),SOFIS/MOSKVA,Active
85850779,8720182995919,BARKH.RUCHKI S TEPLOTOY DLYA TEBYA(2XHACX80 PITAT+NOCHNOY),BPZ - BANDED PACKS,BARKHATNYE RUCHKI (ARNEST/UNIRUS),ARNEST/UNIRUS,Active
20835010,7702018020942,GILLET.MACH 3 TURBO(RAZ+BLD) ,BPZ - BANDED PACKS,GILLETTE (PROCTER & GAMBLE),PROCTER & GAMBLE,Active
42159605,8001090070951,OLD SPICE WHITE WATER(DEO150+SRG250) ,BPZ - BANDED PACKS,OLD SPICE (PROCTER & GAMBLE),PROCTER & GAMBLE,Active
208921446,4690363287994,COSMIA (2XFS 23+3XFS 27) ,BPZ - BANDED PACKS,COSMIA (PL AUCHAN),PL AUCHAN,Active
207565506,8690506553005,ARKO MEN (SHP BLACK FO200ML+SRG COOL HB260ML) ,BPZ - BANDED PACKS,ARKO (EVYAP),EVYAP,Active
77804284,8809541281587,JIGOTT REAL MOISTURE HAND&FOOT CREAM SET(100XHAC+BCR F) ,BPZ - BANDED PACKS,JIGOTT (SKININE COSMETICS/KOREA),SKININE COSMETICS/KOREA,Active
71175009,0793573765024,FN IBX DUO PACK (2XNPL STRENGTH.+REPAIR) ,BPZ - BANDED PACKS,FN (FAMOUS NAMES/USA),FAMOUS NAMES/USA,Active
71487287,3086123644922,BIC FLEX 5 HYBRID(RAZ+BLD 1CF) ,BPZ - BANDED PACKS,BIC (VIOLEX BIC),VIOLEX BIC,Active
21080914,4015000977449,PALET.+SCHAUM.(COL N5+SHM LYO&UKH.225FR) ,BPZ - BANDED PACKS,UNABLE TO SEGMENT,HENKEL,Active
45446598,3086123534414,BIC FLEX 5 HYBRID(RAZ+BLD 1CF) ,BPZ - BANDED PACKS,BIC (VIOLEX BIC),VIOLEX BIC,Active
52480521,4000417315205,RITTER SPORT MINI NUSS MIX(7XCHOX16.67GR) ,BPZ - BANDED PACKS,RITTER SPORT (ALFRED RITTER/GERMANY),ALFRED RITTER/GERMANY,Active
20835019,3014260330866,GILLET.MACH 3 TURBO(RAZ+BLD) ,BPZ - BANDED PACKS,GILLETTE (PROCTER & GAMBLE),PROCTER & GAMBLE,Active
151171984,3086123194014,BIC HYBRID 3(RAZ+BLD5) ,BPZ - BANDED PACKS,BIC (VIOLEX BIC),VIOLEX BIC,Active
33672254,4005800177835,NIVEA MEN VOSSTAN.(MFR B100+SHP FO35 FR) ,BPZ - BANDED PACKS,NIVEA MEN (BEIERSDORF),BEIERSDORF,Active
71485751,3086123644953,SOLEIL CLICK SENSITIVE(RAZ+BLD) ,BPZ - BANDED PACKS,BIC (VIOLEX BIC),VIOLEX BIC,Active
21381184,4005808857708,NIVEA F/MEN SENS.(MFR L100+SHP M200 FR) ,BPZ - BANDED PACKS,NIVEA (BEIERSDORF),BEIERSDORF,Active
86021407,3700971365326,VIVIENNE SABO(EMC CAB.PREM.01+KMM FIXATEUR 02) ,BPZ - BANDED PACKS,VIVIENNE SABO,VIVIENNE COSMETICS,Active
52285251,3086123519114,BIC FLEX 3 HYBRID (RAZ+BLD 1CO) ,BPZ - BANDED PACKS,BIC (VIOLEX BIC),VIOLEX BIC,Active
42005909,4620018873814,AMBASSADOR KHITOZ&MORSK.VODOR.N1120 F/MEN(250XSHM+SRG) ,BPZ - BANDED PACKS,AMBASSADOR (TIMEKS KOSMETIK/MOSKVA),TIMEKS KOSMETIK/MOSKVA,Active
36566971,4620018871049,CAMBRIDGE N1068 F/MEN(320XSHM+SRG) ,BPZ - BANDED PACKS,CAMBRIDGE (TIMEKS KOSMETIK/MOSKVA),TIMEKS KOSMETIK/MOSKVA,Active
79149638,4650056494481,DEONICA MYAGKIY UKHOD(SRG200+DEO200),BPZ - BANDED PACKS,DEONICA (ARNEST/ARNEST),ARNEST/ARNEST,Active
92908161,4650244511822,FAMILY COSMETICS WOLVES(SRG 150+MFR150) ,BPZ - BANDED PACKS,FAMILY COSMETICS (FEMILI KOSMETIK/MOSKVA),FEMILI KOSMETIK/MOSKVA,Active
90062859,4650244512164,FAMILY COSMETICS ALFA URBANISTIC FRESH(SHP150+MFR150) ,BPZ - BANDED PACKS,FAMILY COSMETICS (FEMILI KOSMETIK/MOSKVA),FEMILI KOSMETIK/MOSKVA,Active
78923314,4640130791513,PRINTSESSA TAYNA PRINTSESSY(SHM300+BAC75) ,BPZ - BANDED PACKS,PRINTSESSA (BIG/MOSKVA),BIG/MOSKVA,Active
151970665,4630049647551,TIM BRIZ NASTROENIE N1264 (SHP C75ML+MFR G75ML) ,BPZ - BANDED PACKS,TIM BRIZ (TIMEKS KOSMETIK/MOSKVA),TIMEKS KOSMETIK/MOSKVA,Active
23394653,4620010794988,COMPLIMENT MOROCCO DREAM N128(SHM+HCR) ,BPZ - BANDED PACKS,COMPLIMENT (TIMEKS KOSMETIK/MOSKVA),TIMEKS KOSMETIK/MOSKVA,Active
24763494,4620010797736,BRIZ PHYTO N986(80MLXSHP C+MFR C) ,BPZ - BANDED PACKS,NA,NA,Active
57394570,4650092452452,BATH RACING VESYOLYE GONKI(300XSHM 2V1+SRG) ,BPZ - BANDED PACKS,BATH RACING (BIG/MOSKVA),BIG/MOSKVA,Active
94388993,4630056269265,H2ORIZONT GLACIER WATER(SHM500+MFR110) ,BPZ - BANDED PACKS,H2ORIZONT (FEMILI KOSMETIK/MOSKVA),FEMILI KOSMETIK/MOSKVA,Active
46499943,4620018877287,COMPLIMENT ORIGINAL JUICE KIVI LAYM (SOA320 + HAC100) ,BPZ - BANDED PACKS,COMPLIMENT (TIMEKS KOSMETIK/MOSKVA),TIMEKS KOSMETIK/MOSKVA,Active
91530022,4630039748701,ZOOMING IN PROGRESS EVOLUTION N2(SRG250+SHP200) ,BPZ - BANDED PACKS,ZOOMING IN PROGRESS (PL DROGERY SOYUZ),PL DROGERY SOYUZ,Active
223850723,4610427791250,AURA MEN (SHP G150ML+MFR LO150ML),BPZ - BANDED PACKS,AURA (COTTON CLUB),COTTON CLUB,Active
77400614,4607953913058,COMPLIMENT MEN VSYO POD KONTR.N1992(SHP80+MFR80+SHM200) ,BPZ - BANDED PACKS,COMPLIMENT (TIMEKS KOSMETIK/MOSKVA),TIMEKS KOSMETIK/MOSKVA,Active
34809840,4620010798733,Q.P.X.O.GOLD N1006(250MLXSHM+SRG) ,BPZ - BANDED PACKS,X.O. (TIMEKS KOSMETIK/MOSKVA),TIMEKS KOSMETIK/MOSKVA,Active
94408466,4630039748961,LARUN PURE FRESHNESS(SRG250+DEO150) ,BPZ - BANDED PACKS,LARUN (PL DROGERY SOYUZ),PL DROGERY SOYUZ,Active
20159063,4607109401996,CILLIT BANG ANTIZH.+UL.BLESK L2X620 Z ,BPZ - BANDED PACKS,NA,NA,Active
68020853,4607967672712,CAFE MIMI YAGODNOE ROZHDESTVO (BCR110+CPC) ,BPZ - BANDED PACKS,CAFE MIMI (GRINKOSMETIK GRUPP/MOSKVA),GRINKOSMETIK GRUPP/MOSKVA,Active
70095854,4630049644758,TIM BRIZ N1972(165XSHP G+MFR B) ,BPZ - BANDED PACKS,TIM BRIZ (TIMEKS KOSMETIK/MOSKVA),TIMEKS KOSMETIK/MOSKVA,Active
85540710,4752171014084,AURA BEST MOMENTS(2XHACX75 HONEY CARE+PURE COT) ,BPZ - BANDED PACKS,AURA (COTTON CLUB),COTTON CLUB,Active
214606626,4610262605354,LARUN MAGIC VANILLA (BCR100ML+HAC75ML) ,BPZ - BANDED PACKS,LARUN (PL DROGERY SOYUZ),PL DROGERY SOYUZ,Active
24528453,4620010797743,COMPLIMENT HIS STORY TOBAC.N996(SHM+SRG) ,BPZ - BANDED PACKS,NA,NA,Active
69493918,4630056263263,DLYA CHUDESNOY DEVOCHKI (150XSHM+SRG) ,BPZ - BANDED PACKS,DLYA CHUDESNOY DEVOCHKI (VILSEN GROUP),VILSEN GROUP,Active
94403313,4650244512140,23F SERIES STORM (SHM150ML+SHP150ML) ,BPZ - BANDED PACKS,23F SERIES (FEMILI KOSMETIK/MOSKVA),FEMILI KOSMETIK/MOSKVA,Active
223845314,4610262612741,LARUN WELLNESS NEZHNOST` OLIVY (SRG400ML+SOA300ML),BPZ - BANDED PACKS,LARUN (PL DROGERY SOYUZ),PL DROGERY SOYUZ,Active
93511744,4630039748749,DILLIGEN FRESH WATER(SRG HB 250+DEO150) ,BPZ - BANDED PACKS,DILLIGEN (PL DROGERY SOYUZ),PL DROGERY SOYUZ,Active
77704675,4607953913027,COMPLIMENT MEN ENERGIYA USPEKHA (SHP80+SHM200) ,BPZ - BANDED PACKS,COMPLIMENT (TIMEKS KOSMETIK/MOSKVA),TIMEKS KOSMETIK/MOSKVA,Active
41576706,4627100139506,FIKSI ZARYAZHAYSYA S NAMI (SHM 2V1 270 + BAC 75) ,BPZ - BANDED PACKS,FIKSI (VILSEN GROUP),VILSEN GROUP,Active
92467992,4640145082590,LISS KROULLY WN-2209(2XHACX75 C+MC) ,BPZ - BANDED PACKS,LISS KROULLY (LISS KROULLY LLP/GREAT BRITAIN),LISS KROULLY LLP/GREAT BRITAIN,Active
209910713,4640145087199,LISS KROULLY NG-2411 (2XHACX75ML) ,BPZ - BANDED PACKS,LISS KROULLY (LISS KROULLY LLP/GREAT BRITAIN),LISS KROULLY LLP/GREAT BRITAIN,Active
223856870,4610117506829,RETSEPTY BABUSHKI AGAF`I TAYOZHNAYA BANYA(SHM200+HCR200),BPZ - BANDED PACKS,RETSEPTY BABUSHKI AGAF`I (NATURA SIBERICA/MOSKVA),NATURA SIBERICA/MOSKVA,Active
23260855,4005808554881,NIVEA F/MEN (DEO NEVID.+SRG PROBUZH. FR) ,BPZ - BANDED PACKS,NIVEA MEN (BEIERSDORF),BEIERSDORF,Active
37960019,4602984013418,SANFOR+CHISTIN(2XHSH 10V1 MOR.BR.750+LIM.400FR) ,BPZ - BANDED PACKS,UNABLE TO SEGMENT (STUPINSKIY KHIMZAVOD/STUPINO),STUPINSKIY KHIMZAVOD/STUPINO,Active
20157503,4607003243579,ASEPTA ZDOR.DESNY(MTH 150+TTH 75FR+BAL.) ,BPZ - BANDED PACKS,ASEPTA,VERTEKS/SPB,Active
223835013,4606453095189,ESTEL PROF.COUTURE LUXURY PEPTIDES(SHM300ML+HCR250ML),BPZ - BANDED PACKS,ESTEL PROFESSIONAL (ESTEL/SANKT-PETERBURG),ESTEL/SANKT-PETERBURG,Active
21496688,4601788011880,KONF.KRASN.DYUZH.TEA O 2X50(IZ.IGL+CH.PA ,BPZ - BANDED PACKS,NA,NA,Active
58633783,4606453063010,ESTEL OTIUM XXL(SHM250+HCR200) ,BPZ - BANDED PACKS,ESTEL PROFESSIONAL (ESTEL/SANKT-PETERBURG),ESTEL/SANKT-PETERBURG,Active
82467397,4603740870665,BLACK CAVIAR GOLD(SHM250+SRG250) ,BPZ - BANDED PACKS,BLACK CAVIAR (FESTIVA/MOSKVA),FESTIVA/MOSKVA,Active
71031179,4603740871006,SILVER GARDEN BLACKBERRY (SHM250+SRG250) ,BPZ - BANDED PACKS,SILVER GARDEN (FESTIVA/MOSKVA),FESTIVA/MOSKVA,Active
34546946,4602984011919,MISTER KRYAK+SANITA(HSH INT.5V1 750+CPC ANTIZHIR FR) ,BPZ - BANDED PACKS,UNABLE TO SEGMENT (STUPINSKIY KHIMZAVOD/STUPINO),STUPINSKIY KHIMZAVOD/STUPINO,Active
223860351,4610095923830,DOM PRIRODY YARKIE EMOTSII APEL.I KLEM(FCR100+HAC30+SOA90),BPZ - BANDED PACKS,DOM PRIRODY (DOM PRIRODY MANUFAKTURA/SIMFEROPOL`),DOM PRIRODY MANUFAKTURA/SIMFEROPOL`,Active
83391110,0887930423396,KODAK LADY PREMIUM (RAZ+BLD) ,BPZ - BANDED PACKS,KODAK,KODAK,Active
20832125,4027800517305,SCHICK ULTREX PLUS(RAZ+2BLD) ,BPZ - BANDED PACKS,SCHICK (EDGEWELL PERSONAL CARE),EDGEWELL PERSONAL CARE,Active
20832166,4027800336203,SCHICK QUATTRO TITANIUM SENS.(RAZ+BLD) ,BPZ - BANDED PACKS,SCHICK (EDGEWELL PERSONAL CARE),EDGEWELL PERSONAL CARE,Active
20832228,4027800318001,SCHICK PROTECTOR LADY PLUS(RAZ+BLD) ,BPZ - BANDED PACKS,SCHICK (EDGEWELL PERSONAL CARE),EDGEWELL PERSONAL CARE,Active
20836913,4600702090031,CHER.ZH.INT.LIFT.BIO PR.(2XFCR BIO+Y30%F,BPZ - BANDED PACKS,CHERNIY ZHEMCHUG (ARNEST/UNIRUS),ARNEST/UNIRUS,Active
20837118,4606982005154,TWIST CAS.(SHC KOZ.BL.250+SH2 GUB.BL.FR) ,BPZ - BANDED PACKS,NA,NA,Active
21967545,4606144008900,PALM.NAT.ROSK.MYAGK.ORKH(SRG250+SOA90FR) ,BPZ - BANDED PACKS,PALMOLIVE (COLGATE-PALMOLIVE),COLGATE-PALMOLIVE,Active
21980052,4606144008887,PALM.F/MEN(SRG AR.VET250+SOA SN.LAV90FR) ,BPZ - BANDED PACKS,PALMOLIVE (COLGATE-PALMOLIVE),COLGATE-PALMOLIVE,Active
21980055,4606144008894,PALM.NAT.INT.UVL.OLIVE(SRG 250+SOA 90FR) ,BPZ - BANDED PACKS,PALMOLIVE (COLGATE-PALMOLIVE),COLGATE-PALMOLIVE,Active
22162334,4600702096859,BARKH.RUCH.NEZH.LEPEST.(SOA240+SOA65 FR) ,BPZ - BANDED PACKS,NA,NA,Active
22307254,4600104029974,PICNIC SENS. F SYU+SL30ML45NU+(12ST POD) ,BPZ - BANDED PACKS,NA,NA,Active
22607592,4607121827538,CELESTA (CTH+SPN+STW) ,BPZ - BANDED PACKS,NA,NA,Active
22964484,4605922012436,CLEAR VIT.ABE INT.UVL.(SHM400+HCR180 FR) ,BPZ - BANDED PACKS,NA,NA,Active
23946292,4605922016229,CLEAR+REXONA F/M(SHM UL.CON+DEO FUTB.FR),BPZ - BANDED PACKS,UNABLE TO SEGMENT (ARNEST/UNIRUS),ARNEST/UNIRUS,Active
23978900,4606144009457,PALM.INTEN.UVL.(SRG DC250ML+SOA 90GR FR) ,BPZ - BANDED PACKS,PALMOLIVE (COLGATE-PALMOLIVE),COLGATE-PALMOLIVE,Active
24020503,4606144009464,PALM. MEN (SRG ARKT.VET.+SOA INT.UVL.FR) ,BPZ - BANDED PACKS,PALMOLIVE (COLGATE-PALMOLIVE),COLGATE-PALMOLIVE,Active
24393554,4605922325406,CLEAR+REXONA (SHM 400ML+SRG 250ML FR) ,BPZ - BANDED PACKS,NA,NA,Active
20162637,4603014002150,SPLAT DOROZHNIY(TTH BIOCALCIUM 40ML+TBR) ,BPZ - BANDED PACKS,SPLAT (SPLAT-KOSMETIKA/MOSKVA),SPLAT-KOSMETIKA/MOSKVA,Active
23981781,4602984009541,SANFOR HSH(MOR.BR.L750+ZEL.CHA Y C300 FR) ,BPZ - BANDED PACKS,NA,NA,Active
20157742,3800200969292,ROSE OF BULGARIA N2 (FW230+SOA100+HAC75) ,BPZ - BANDED PACKS,ROSE OF BULGARIA (BIOFRESH COSMETICS/BULGARIA),BIOFRESH COSMETICS/BULGARIA,Active
20159295,4607014957649,CLIVEN CLAS. (SHP M200ML+DEO 200ML) ,BPZ - BANDED PACKS,CLIVEN (LAB.DI CHIMICA APPLICATA (LCA)),LAB.DI CHIMICA APPLICATA (LCA),Active
37642286,4602984011223,SANFOR (DRC 5MIN.750+BLE 3V1 500 FR) ,BPZ - BANDED PACKS,SANFOR (STUPINSKIY KHIMZAVOD/STUPINO),STUPINSKIY KHIMZAVOD/STUPINO,Active
20161651,4600702089769,BARKH.RUCH. KOROL.ARGANA (2XHAC C80+S80),BPZ - BANDED PACKS,BARKHATNYE RUCHKI (ARNEST/UNIRUS),ARNEST/UNIRUS,Active
20156443,4603014002174,SPLAT DOROZHNIY(TTH ULTRACOMPL. 40ML+TBR ,BPZ - BANDED PACKS,SPLAT (SPLAT-KOSMETIKA/MOSKVA),SPLAT-KOSMETIKA/MOSKVA,Active
26502068,4602984007998,SANFOR (DRC 5MIN.750+TLT MOR.BR.500 FREE ,BPZ - BANDED PACKS,SANFOR (STUPINSKIY KHIMZAVOD/STUPINO),STUPINSKIY KHIMZAVOD/STUPINO,Active
20162641,4603014002167,SPLAT DOROZHNIY(TTH OTBEL.PLYUS 40ML+TBR) ,BPZ - BANDED PACKS,SPLAT (SPLAT-KOSMETIKA/MOSKVA),SPLAT-KOSMETIKA/MOSKVA,Active
33474462,4015100192513,SCHAUMA+FA MEN(SRG ACT.SPORT 250+SHM KHM.225 30%) ,BPZ - BANDED PACKS,UNABLE TO SEGMENT (HENKEL),HENKEL,Active
24663707,4605922326151,CIF+DOMESTOS (HSH AC.LEM.+TLT UL.BEL.FR) ,BPZ - BANDED PACKS,NA,NA,Active
23980605,4602984009558,SANFOR HSH(LEMON L750+ZEL.CHAY C300 FR) ,BPZ - BANDED PACKS,NA,NA,Active
39995006,4015100202663,FA (SRG BEL.CHAY I BAM.250 + SOA APELS. I MOL.PROT.90 FR) ,BPZ - BANDED PACKS,FA (LAB INDUSTRIES/MOSKVA),LAB INDUSTRIES/MOSKVA,Active
204637836,4605966020725,GLISS KUR ZHIDKIY SHYOLK (SHM250ML+HCR200ML) ,BPZ - BANDED PACKS,GLISS KUR (LAB INDUSTRIES/MOSKVA),LAB INDUSTRIES/MOSKVA,Active
68137319,4607967672835,CAFE MIMI SUPER BERRY(2XBCRX50+3XFSZX10) ,BPZ - BANDED PACKS,CAFE MIMI (GRINKOSMETIK GRUPP/MOSKVA),GRINKOSMETIK GRUPP/MOSKVA,Active
217629431,4600999062452,YA SAMAYA IDEAL`NIY DUET (SRG250ML+HAC80ML) ,BPZ - BANDED PACKS,YA SAMAYA (COTTON CLUB),COTTON CLUB,Active
67922411,4015100436181,FA (SRG SEKR.POL.UMUH.SPA 250+DEO FRESH&FREE COCNT&LM150) ,BPZ - BANDED PACKS,FA (LAB INDUSTRIES/MOSKVA),LAB INDUSTRIES/MOSKVA,Active
20157430,4607099094833,MAITRE DE SUCRE ASSORTI SUG(3X100+85) ,BPZ - BANDED PACKS,NA,NA,Active
20156957,4607109402504,VANISH RV P 500G N BO+VANISH CR.W.250G F ,BPZ - BANDED PACKS,NA,NA,Active
223870936,4604094045686,FORX (SRG 3V1 400ML+DEO SENS.150ML),BPZ - BANDED PACKS,FORX (AROMAT/KAZAN),AROMAT/KAZAN,Active
76983119,3574661656465,LE PET.MARS.(2XSRGX250 BEL.PERS.I NEKT+APEL.I GREYPFR) ,BPZ - BANDED PACKS,LE PETIT MARSEILLAIS (KENVUE),KENVUE,Active
20151628,4607109401477,VANISH RV L 1L+VANISH DL.BEL.RV450M(FR) ,BPZ - BANDED PACKS,NA,NA,Active
223835010,4602984031535,SOEL OCHITSHENIE I UVLAZHNENIE (2XFW 250+250),BPZ - BANDED PACKS,SOELL (AKVILEYA/STUPNINSKIY KHIM.Z-D),AKVILEYA/STUPNINSKIY KHIM.Z-D,Active
49862513,4607015779066,ESTETIKA VKUSA(2XSSN SM.PERT.40G+D/SALAT.30G)1FREE ,BPZ - BANDED PACKS,ESTETIKA VKUSA (ALLEGRO GK/SARATOV),ALLEGRO GK/SARATOV,Active
20162758,4607034472221,ROCS DVOYN.MYATA MRR 74G+TBR KLAS.FR ,BPZ - BANDED PACKS,R.O.C.S. (UNIDENT GROUP),UNIDENT GROUP,Active
147053317,4602006338529,INFLUENCE BEAUTY SINGULARITY (EMC SINGULARITY 01+CPC) ,BPZ - BANDED PACKS,INFLUENCE BEAUTY (GRADIENT GK),GRADIENT GK/MOSKVA,Active
86002920,3700971365425,VIVIENNE SABO (2XEMC CABARET 01+CABARET PREMIERE 05) ,BPZ - BANDED PACKS,VIVIENNE SABO,VIVIENNE COSMETICS,Active
207374796,4604094044757,FORX ZARYAD SVEZH(SRG.2V1.HB.D.M.400+DEO SENS.UAR.AP.M.50) ,BPZ - BANDED PACKS,FORX (AROMAT/KAZAN),AROMAT/KAZAN,Active
151199957,4620006997980,DARROW+CHILLOUT COLA (WKY 0.7L+2XDRN 0.33L) ,BPZ - BANDED PACKS,UNABLE TO SEGMENT,UNABLE TO SEGMENT,Active
45235896,4607065734152,SHEBA PLE.340G 4X85(1CHI.TU.SA+1DU.CH.SA.+1VE.TO.SA+1BE.RA.S ,BPZ - BANDED PACKS,SHEBA (MARS),MARS,Active
77017675,4600680022468,RTD ZOLOTAYA MARKA 2XCHO(VLYUB.SER.80GR+DUET KLUB.85GR) ,BPZ - BANDED PACKS,ROSSIYA TSHEDRAYA DUSHA (NESTLE),NESTLE,Active
23540232,4210201104773,ORAL-B (THB PR.CARE 500+THB MICKEY) ,BPZ - BANDED PACKS,NA,NA,Active
47777777,4607154694497,VILENTA FUNNY BEAUTY SET PRETTY KITTY(4XFSX28) ,BPZ - BANDED PACKS,VILENTA (SOFIS/MOSKVA),SOFIS/MOSKVA,Active
58851480,4607015065404,DAIRYHORN (CHK BRIE 125G+CHP BRIE 140G) ,BPZ - BANDED PACKS,DAIRYHORN (IDILIKA FOOD/BERYOZOVSKIY),IDILIKA FOOD/BERYOZOVSKIY,Active
223857905,4605922037644,CHERNIY ZHEMCHUG PREMIUM UKHOD (FCR25ML SPF+FS25ML),BPZ - BANDED PACKS,CHERNIY ZHEMCHUG (ARNEST/UNIRUS),ARNEST/UNIRUS,Active
145801261,4607099643192,YES IMMUNITY MULTI VITAMIN (SRG250ML+HAC75ML) ,BPZ - BANDED PACKS,YES (AKVILEYA/STUPNINSKIY KHIM.Z-D),AKVILEYA/STUPNINSKIY KHIM.Z-D,Active
58372999,4602006258315,ZOLLIDER (RAZ HYBRID 3 SMART + BLD 3C) ,BPZ - BANDED PACKS,ZOLLIDER (GRADIENT GK/MOSKVA),GRADIENT GK/MOSKVA,Active
69452473,4650057007505,BIOKRIM EXTREME ENERGIYA VULKANA(250XSHM+SRG) ,BPZ - BANDED PACKS,BIOKRIM (PETROBIO/SPB),PETROBIO/SPB,Active
137584169,4640193023767,MATRIX TOTAL RESULTS BRASS OFF(COL300ML+HCR300ML)15% ,BPZ - BANDED PACKS,MATRIX (LOREAL/MATRIX),LOREAL/MATRIX,Active
223850829,4610507690077,TRESEMME VOSSTANOVLENIE I ZATSHITA(SHM1L+HCR0.93L),BPZ - BANDED PACKS,TRESEMME (ARNEST/UNIRUS),ARNEST/UNIRUS,Active
223845541,4640334724577,OU!BORKA (DRC ANTIVOLOSIN 1L+HSH SOLEV.ESSENTS 750ML),BPZ - BANDED PACKS,OU!BORKA (PRYAMOY KONTRAKT/MOSKVA),PRYAMOY KONTRAKT/MOSKVA,Active
179421748,4640089152366,SWEET FOOD CHERNICHNIY SORBET(SRG290ML+CPC) ,BPZ - BANDED PACKS,SWEET FOOD (FESTIVA/MOSKVA),FESTIVA/MOSKVA,Active
173803125,4650202222456,EAU THERMAL AVENE KOMPL.UKH.ZA CHUV.KOZH(FCR50ML+FW FO50ML) ,BPZ - BANDED PACKS,EAU THERMAL AVENE (PIERRE FABRE/FRANCE),PIERRE FABRE/FRANCE,Active
172212038,4640221701506,BREESAL BIO(X BL + 2X X BL REFILL) ,BPZ - BANDED PACKS,BREESAL (UPECO/MOSKVA),UPECO/MOSKVA,Active
84487956,4670042904480,DUTYBOX (2XDSL 5X50 FRUKT.+5X50 BAZILIK+CPC FR) ,BPZ - BANDED PACKS,DUTYBOX (DUTYBOX/VOLZHSKIY),DUTYBOX/VOLZHSKIY,Active
198188695,4680117414226,DELTA COSMETICS GURMANIKA MOLOCH.SHOKOLAD(SHM250ML+SRG250ML) ,BPZ - BANDED PACKS,DELTA COSMETICS (DEL`TA PARFYUM/MOSKOVSKAYA OBL.),DEL`TA PARFYUM/MOSKOVSKAYA OBL.,Active
186278267,4670042906750,DUTYBOX (2XDSL 500ML FO FRUKTOVIY+INZHIR MELISSA) ,BPZ - BANDED PACKS,DUTYBOX (DUTYBOX/VOLZHSKIY),DUTYBOX/VOLZHSKIY,Active
139151214,4630194645044,MIXIT D/UKHODA ZA PROBL.KOZHEY(FCR30ML+FW250ML) ,BPZ - BANDED PACKS,MIXIT (MIKSIT/MOSKVA),MIKSIT/MOSKVA,Active
76501971,4670016740557,ULLEX HYALURONIC ACID(2XFCR 50+Y25+FW T120) ,BPZ - BANDED PACKS,ULLEX (GLOBALMEDFARM/TYUMEN`),GLOBALMEDFARM/TYUMEN`,Active
82081888,0887930422306,KODAK (RAZ+BLD20) ,BPZ - BANDED PACKS,KODAK,KODAK,Active
82235818,0887930419993,KODAK (RAZ+BLD2) ,BPZ - BANDED PACKS,KODAK,KODAK,Active
33193163,8714100710678,BARKH.RUCH.FORMULA NEZHN(SOA240+HAC72),BPZ - BANDED PACKS,BARKHATNYE RUCHKI (ARNEST/UNIRUS),ARNEST/UNIRUS,Active
71903990,8718951436176,COLGATE DETSKIY(TTH STRAWB.60+TBR 2-5Y FR) ,BPZ - BANDED PACKS,COLGATE (COLGATE-PALMOLIVE),COLGATE-PALMOLIVE,Active
57260238,7702018529469,GILLETTE NAST.CHEMPIONU SENS(SHP SER.FO100+MFR G75) ,BPZ - BANDED PACKS,GILLETTE (PROCTER & GAMBLE),PROCTER & GAMBLE,Active
204091764,8718951692824,PALMOLIVE MEN VOSST.TSITRUSOVIY ZARYAD (2XSRGX250ML) ,BPZ - BANDED PACKS,PALMOLIVE (COLGATE-PALMOLIVE),COLGATE-PALMOLIVE,Active
22047033,7702018327560,VENUS&OLAY SUGARBERRY(RAZ+BLD) ,BPZ - BANDED PACKS,VENUS (PROCTER & GAMBLE),PROCTER & GAMBLE,Active
146180358,8700216181181,PANTENE PRO-V INT.VOSST(SHM250ML+HCR200ML) ,BPZ - BANDED PACKS,PANTENE PRO-V (PROCTER & GAMBLE),PROCTER & GAMBLE,Active
44377442,7702018469826,VENUS (RAZ+BLB2C) HOLDER FREE ,BPZ - BANDED PACKS,VENUS (PROCTER & GAMBLE),PROCTER & GAMBLE,Active
223878847,8006530215923,OLD SPICE WOLFTHORN (SRG250ML+2XDEO 150ML+50ML),BPZ - BANDED PACKS,OLD SPICE (PROCTER & GAMBLE),PROCTER & GAMBLE,Active
20835971,6930519298466,O`KEY(RAZ+BLD 4CO) ,BPZ - BANDED PACKS,O`KEY (PL OKEY),PL OKEY,Active
62549052,8714100858172,BARKHAT.RUCHKI 24 CHASA NEZHN(2XHAC PITAT.80+NOCH.43FR),BPZ - BANDED PACKS,BARKHATNYE RUCHKI (ARNEST/UNIRUS),ARNEST/UNIRUS,Active
46375236,8001090953001,OLD SPICE WHITEWATER(DEO STO50+SRG 250) ,BPZ - BANDED PACKS,OLD SPICE (PROCTER & GAMBLE),PROCTER & GAMBLE,Active
62567166,7702018558865,GILLETTE SKINGUARD (RAZ + BLD3C) ,BPZ - BANDED PACKS,GILLETTE (PROCTER & GAMBLE),PROCTER & GAMBLE,Active
66700988,8718951369443,PALMOLIVE ROSKOSH` MASEL MAC&PION(SRG250+SOA300) ,BPZ - BANDED PACKS,PALMOLIVE (COLGATE-PALMOLIVE),COLGATE-PALMOLIVE,Active
207842250,8700216618397,ORAL-B+GILLETTE (THB VITALITY PRO PROT.XCL.+RAZ FUS.PROG.1C) ,BPZ - BANDED PACKS,UNABLE TO SEGMENT (PROCTER & GAMBLE),PROCTER & GAMBLE,Active
207140813,8700216631136,OLD SPICE WHITEWATER (SRG250ML+DEO50ML) ,BPZ - BANDED PACKS,OLD SPICE (PROCTER & GAMBLE),PROCTER & GAMBLE,Active
33598726,7702018424306,VENUS&OLAY SUGARBERRY (RAZ 1CO+BLD+CPC) ,BPZ - BANDED PACKS,VENUS (PROCTER & GAMBLE),PROCTER & GAMBLE,Active
57901943,8001841503592,HERB.ESS.MAROK.ARG.M.(SHM 400+HCR 180) ,BPZ - BANDED PACKS,HERBAL ESSENCES (PROCTER & GAMBLE),PROCTER & GAMBLE,Active
147073663,8690506545888,ARKO+BLADE COOL MORSKAYA SVEZHEST`(SRG260ML+DEO150ML) ,BPZ - BANDED PACKS,UNABLE TO SEGMENT (EVYAP),EVYAP,Active
21706349,7702018333295,GILLET.FUS.PROG.OLIMPICS 2014(RAZ+BLD) ,BPZ - BANDED PACKS,GILLETTE (PROCTER & GAMBLE),PROCTER & GAMBLE,Active
156359259,4751042821738,BEAUTY FERMA KRASOTA I STROYNOST` (3XBCR100ML) ,BPZ - BANDED PACKS,BEAUTY FERMA (GLOBAL BIO COSMETIC/MOSKVA),GLOBAL BIO COSMETIC/MOSKVA,Active
45490081,8714100740736,AXE GOLD(DEO150+SRG250),BPZ - BANDED PACKS,AKS (ARNEST/UNIRUS),ARNEST/UNIRUS,Active
57302882,7702018508303,GILLETTE NAST.CHEMPIONU(RAZ MACH 3 START+SHP SENS.100) ,BPZ - BANDED PACKS,GILLETTE (PROCTER & GAMBLE),PROCTER & GAMBLE,Active
85680120,8720633000278,CAMAY+REXONA DLYA IDEAL.NACHALA DNYA(SRG250+DEO150+CPC FR),BPZ - BANDED PACKS,UNABLE TO SEGMENT (ARNEST/UNIRUS),ARNEST/UNIRUS,Active
62649015,7702018519989,GILLET.MACH 3 TURBO 3D (RAZ+BLD) ,BPZ - BANDED PACKS,GILLETTE (PROCTER & GAMBLE),PROCTER & GAMBLE,Active
20836288,5013405653929,SUPER-MAX KWIK III FOR WOM(RAZ+BLD 4CO) ,BPZ - BANDED PACKS,SUPER-MAX (SUPER-MAX/INDIA),SUPER-MAX/INDIA,Active
20158291,8850006327708,COLGATE PRO-RELIEF (TTH75ML+TBR FREE) ,BPZ - BANDED PACKS,COLGATE (COLGATE-PALMOLIVE),COLGATE-PALMOLIVE,Active
85573795,4752171014091,AURA BE HAPPY(SRG 250+HAC VOS.75) ,BPZ - BANDED PACKS,AURA (COTTON CLUB),COTTON CLUB,Active
20156231,9319871000356,WHITE GLO TRAVEL PACK (TTH 24GR+TBR+CPC) ,BPZ - BANDED PACKS,WHITE GLO,WHITE GLO/AUSTRALIA,Active
76060034,8714100909966,CHIST.LINIYA REZHIM OCHITSHENIYA(FW100 + FS50+CPC FR),BPZ - BANDED PACKS,CHISTAYA LINIYA (ARNEST/UNIRUS),ARNEST/UNIRUS,Active
76048781,8714100904374,CHERNIY ZHEMCHUG INTENSIVNOE PITANIE(FCR46+FW200+FS Y MZ),BPZ - BANDED PACKS,CHERNIY ZHEMCHUG (ARNEST/UNIRUS),ARNEST/UNIRUS,Active
65219674,8001841803739,OLD SPICE ROCK(DEO 150+SRG HB 250) ,BPZ - BANDED PACKS,OLD SPICE (PROCTER & GAMBLE),PROCTER & GAMBLE,Active
20836508,7702018084845,GILLET.FUSION PROGLIDE(RAZ+BLD) ,BPZ - BANDED PACKS,GILLETTE (PROCTER & GAMBLE),PROCTER & GAMBLE,Active
65425341,8001841866765,GILLETTE(DEO POWER RUSH 150+SHP SER.SENS.G200) ,BPZ - BANDED PACKS,GILLETTE (PROCTER & GAMBLE),PROCTER & GAMBLE,Active
66971108,8714100856055,AXE APOLLO (SRG 250+DEO 150),BPZ - BANDED PACKS,AKS (ARNEST/UNIRUS),ARNEST/UNIRUS,Active
57346816,4680007218293,ORGANIC KITCHEN SPYATSH.KRASAVITSA(100X+HAC+4XBCR) ,BPZ - BANDED PACKS,ORGANIC KITCHEN (NATURA SIBERICA/MOSKVA),NATURA SIBERICA/MOSKVA,Active
68028712,8714100861110,CHERNIY ZHEMCHUG KOLLAGENOV.PITANIE(FCR46+FW200),BPZ - BANDED PACKS,CHERNIY ZHEMCHUG (ARNEST/UNIRUS),ARNEST/UNIRUS,Active
41077090,7702018464104,GILLETTE BLUE 3 (RAZ+BLD C2O) ,BPZ - BANDED PACKS,GILLETTE (PROCTER & GAMBLE),PROCTER & GAMBLE,Active
146148329,8700216172509,HERBAL ESSENCES KLUBNIKA I MYATA(SHM250ML+HCR180ML) ,BPZ - BANDED PACKS,HERBAL ESSENCES (PROCTER & GAMBLE),PROCTER & GAMBLE,Active
20160185,7702018084555,GILLET.SLALOM (BLD 5C+RAZ FREE) ,BPZ - BANDED PACKS,GILLETTE (PROCTER & GAMBLE),PROCTER & GAMBLE,Active
58237201,7702018866946,GILLETTE FUSION (RAZ+BLD 1C) ,BPZ - BANDED PACKS,GILLETTE (PROCTER & GAMBLE),PROCTER & GAMBLE,Active
40135257,8801038569505,DORCO PACE 7(RAZ+BLD) ,BPZ - BANDED PACKS,DORCO,DORCO LTD,Active
65443589,6947790701370,ONE SPRING (5XHACX30G) ,BPZ - BANDED PACKS,ONE SPRING (GUANGZHOU OBO GROUP/CHINA),GUANGZHOU OBO GROUP/CHINA,Active
49958171,8004120907999,FIGARO (DEO 150 + SHP 400 + MFR C 100) ,BPZ - BANDED PACKS,FIGARO (MIRATO/ITALY),MIRATO/ITALY,Active
204472544,8700216601047,OLD SPICE WOLFTHORN (DEO50ML+SRG250ML) ,BPZ - BANDED PACKS,OLD SPICE (PROCTER & GAMBLE),PROCTER & GAMBLE,Active
33506272,8714100713488,REXONA+LIBRESSE(DEO ANTIB.150+SAN DAILYFR.20 FR) ,BPZ - BANDED PACKS,UNABLE TO SEGMENT,UNABLE TO SEGMENT,Active
49687884,4870205221809,AROMIKA SPA BEAUTY STYLE (200XSHM + HCR) ,BPZ - BANDED PACKS,AROMIKA SPA (AROMIKA/KAZAKHSTAN),AROMIKA/KAZAKHSTAN,Active
49842725,4680016720619,DOLLAR FOR MEN (SHP FO 200+T/V 100) ,BPZ - BANDED PACKS,DOLLAR (PARIS LINE PARFUMS/FRANCE),PARIS LINE PARFUMS/FRANCE,Active
58029474,4902470463001,FEATHER SAMRAIEDGE (RAZ + BLD 1C) ,BPZ - BANDED PACKS,NA,NA,Active
47700400,7613036432719,PRO PLAN STER4+1(3NU.SA.BEEF.SO.85G+2NU.SA.TUR.SO.85G)1FR ,BPZ - BANDED PACKS,PRO PLAN (NESTLE),NESTLE,Active
25014678,4680016720329,DOLLAR MAN (DEO SP 150ML+T/V 100ML) ,BPZ - BANDED PACKS,DOLLAR (PARIS LINE PARFUMS/FRANCE),PARIS LINE PARFUMS/FRANCE,Active
110187927,4870205220864,AROMIKA+AROMA SENSE AROMA RELAX(2XSRGX300ML) ,BPZ - BANDED PACKS,UNABLE TO SEGMENT (AROMIKA/KAZAKHSTAN),AROMIKA/KAZAKHSTAN,Active
23732077,6291069700299,DABUR (TTH HERBL BASIL 150+TBR POW.CL.FR ,BPZ - BANDED PACKS,NA,NA,Active
79131803,8445290261595,PRO PLAN ST(10XCAT CHI SA H5X0.085KG+DU SA 5X0.085KG) ,BPZ - BANDED PACKS,PRO PLAN (NESTLE),NESTLE,Active
58865594,7702018488704,GILLETTE SKINGUARD (RAZ + BLD 1C) ,BPZ - BANDED PACKS,GILLETTE (PROCTER & GAMBLE),PROCTER & GAMBLE,Active
32155676,8714100709009,DOVE (DEO POW.SOFT 150+SOA KRAS&UKHOD 75 FR),BPZ - BANDED PACKS,DAV (ARNEST/UNIRUS),ARNEST/UNIRUS,Active
143337311,4870205221236,FRESH NEXT (SHM300ML+SRG300ML) ,BPZ - BANDED PACKS,FRESH (AROMIKA/KAZAKHSTAN),AROMIKA/KAZAKHSTAN,Active
143225729,4870205227184,AROMIKA TOP MALYSH(SHM OCH.I UVL.300ML+SOA300ML) ,BPZ - BANDED PACKS,AROMIKA (AROMIKA/KAZAKHSTAN),AROMIKA/KAZAKHSTAN,Active
221260801,4680599400175,7 DAYS B.COLOUR PROFESSIONAL (LPE+LPM+CPC FR) ,BPZ - BANDED PACKS,7 DAYS (SOFIS/MOSKVA),SOFIS/MOSKVA,Active
67089011,4901331002670,KAI XFIT (RAZ + BLD 7C) ,BPZ - BANDED PACKS,KAI RAZOR,KAI INDUSTRIES CO/JAPAN,Active
45372649,8005610501277,NIOXIN SYSTEM 4 COLOR SAFE(SHM150+2XHCR 150+40) ,BPZ - BANDED PACKS,NIOXIN (WELLA/GERMANY),WELLA/GERMANY,Active
45449102,7290105028877,SEACARE ANTI-AGING N1(2XFCRX50ML D+N) ,BPZ - BANDED PACKS,SEACARE (SEACARE GROUP/CANADA),SEACARE GROUP/CANADA,Active
64086990,7290101320760,HOLY LAND C THE SUCCESS(3XFCR 2X50+V30) ,BPZ - BANDED PACKS,HOLY LAND (HOLY LAND COSMETICS/ISRAEL),HOLY LAND COSMETICS/ISRAEL,Active
68250453,4811248009337,LIV DELANO 7 MASEL VOSST.UKHOD(250XSHM+HCR) ,BPZ - BANDED PACKS,LIV DELANO (BELGEYTS/BARANOVICHI BELORUSSIYA),BELGEYTS/BARANOVICHI BELORUSSIYA,Active
204465742,7640473384561,STELLARY VOLUME INTENSION (EMC+ELN) ,BPZ - BANDED PACKS,STELLARY (GRADIENT GK/MOSKVA),GRADIENT GK/MOSKVA,Active
143431596,4603014026323,SPLAT JUICY LAB(2XTTHX55ML SOCHN.VINOGR+SPEL.ARBUZ) ,BPZ - BANDED PACKS,SPLAT (SPLAT-KOSMETIKA/MOSKVA),SPLAT-KOSMETIKA/MOSKVA,Active
44762976,4605370004229,GLOBAL WHITE SISTEMA D/OTBEL.ZUBOV(TTH30+3XCPC) ,BPZ - BANDED PACKS,GLOBAL WHITE (GLOBAL DENT/MOSKVA),GLOBAL DENT/MOSKVA,Active
47844711,4620018876983,COMPLIMENT ENJOY TROP.FRUITS N1400(SRG200+FS80) ,BPZ - BANDED PACKS,COMPLIMENT (TIMEKS KOSMETIK/MOSKVA),TIMEKS KOSMETIK/MOSKVA,Active
216319462,4602006389040,MEINE LIEBE (DTR PREM.DL.DETS.5L+BLE PREM. SENS.5L) ,BPZ - BANDED PACKS,MEINE LIEBE (GRUNLAB/GERMANY),GRUNLAB/GERMANY,Active
47919574,4607154694459,VILENTA 7 DAYS BEAUTY-KALENDAR`(7XFSX28+FS28 FR) ,BPZ - BANDED PACKS,VILENTA (SOFIS/MOSKVA),SOFIS/MOSKVA,Active
64118055,4607015771299,ESTETIKA VKUSA POD(PEP.M45+D/KUR.52+CHILI45+BRUCH.44+GAR.H42 ,BPZ - BANDED PACKS,ESTETIKA VKUSA (ALLEGRO GK/SARATOV),ALLEGRO GK/SARATOV,Active
94766277,4607971455769,SYNERGETIC SIYAYUTSHAYA POVERKHNOST`(WNC500+HSH500+STO500) ,BPZ - BANDED PACKS,SYNERGETIC (SYNERGETIC/N.NOVGOROD),SYNERGETIC/N.NOVGOROD,Active
220728913,4602240124612,MONTCAROTTE CHERRY BERRY (TTH30+TBR+CPC FR) ,BPZ - BANDED PACKS,MONTCAROTTE (MONTCAROTTE/ITALY),MONTCAROTTE/ITALY,Active
152474755,4603014015860,SPLAT DOROZHNIY 2X(TTH OTBEL.PLYUS 40ML+TBR) ,BPZ - BANDED PACKS,SPLAT (SPLAT-KOSMETIKA/MOSKVA),SPLAT-KOSMETIKA/MOSKVA,Active
77943275,4607006652750,GOLITSIN CHO GORKIY BEZ SAKHARA (5X60GR) ,BPZ - BANDED PACKS,GOLITSIN (VISHNEVOGORSKAYA KF/GOLITSYN/CHELYAB.),VISHNEVOGORSKAYA KF/GOLITSYN/CHELYAB.,Active
76064680,4606453072142,ESTEL LITTLE ME LYOGKOE RASCHYOSYVANIE(SHM300+2XHCR 250+200) ,BPZ - BANDED PACKS,ESTEL (ESTEL/SANKT-PETERBURG),ESTEL/SANKT-PETERBURG,Active
42553475,4607082855786,ALTAIBIO NABOR DLYA TELA(SRG250+75XHAC+BCR FOOT) ,BPZ - BANDED PACKS,ALTAIBIO(DVE LINII PKF),DVE LINII PKF,Active
25552337,4607174435711,NATURA KAMCHATKA ZOL.KAMCH.(SHM+HCR+HAC) ,BPZ - BANDED PACKS,NATURA KAMCHATKA (NATURA SIBERICA/MOSKVA),NATURA SIBERICA/MOSKVA,Active
199145583,4603336415362,YOULAB D/MUZHCHIN(SHM250ML+SRG250ML+CPC) ,BPZ - BANDED PACKS,YOULAB (KORENKOVA IP/IZHEVSK),KORENKOVA IP/IZHEVSK,Active
54369195,4015100306354,GLISS KUR LETNYAYA ZABOTA (HCR150 + SHM250 FR) ,BPZ - BANDED PACKS,GLISS KUR (LAB INDUSTRIES/MOSKVA),LAB INDUSTRIES/MOSKVA,Active
22087445,4005808551286,NIVEA (FW L 125ML+LPS BAZ.UKH. FR) ,BPZ - BANDED PACKS,NIVEA (BEIERSDORF),BEIERSDORF,Active
53089122,4005800259500,NIVEA USPOK.D/CHUV.KOZHI (MFR B100+SHP FO200FR) ,BPZ - BANDED PACKS,NIVEA MEN (BEIERSDORF),BEIERSDORF,Active
85316988,0110027479915,SYNERGETIC (DTR 5L+BLE TSVET.FANT.5L) ,BPZ - BANDED PACKS,SYNERGETIC (SYNERGETIC/N.NOVGOROD),SYNERGETIC/N.NOVGOROD,Active
20157736,3800200969308,ROSE OF BULGARIA N3(SRG230+BCR230+HAC75) ,BPZ - BANDED PACKS,ROSE OF BULGARIA (BIOFRESH COSMETICS/BULGARIA),BIOFRESH COSMETICS/BULGARIA,Active
46403828,3700971314553,VIVIENNE SABO(2XLPE JOLIES LEVRES 101+202)50% NA VT ,BPZ - BANDED PACKS,VIVIENNE SABO,VIVIENNE COSMETICS,Active
82671126,3086123680272,BIC FLEX 3 HYBRID SENSITIVE (RAZ+BLD 1CO) ,BPZ - BANDED PACKS,BIC (VIOLEX BIC),VIOLEX BIC,Active
79244801,3609680205278,UNICORNS APPROVE TRAVEL SET(HAC50+FCR30+FW100) ,BPZ - BANDED PACKS,UNICORNS APPROVE (PL L`ETUAL`),PL L`ETUAL`,Active
57876987,4015100307832,FA RITMY BRAZILII NOCHI IPANEMY(DEO150+SRG250+CPC FR) ,BPZ - BANDED PACKS,FA (LAB INDUSTRIES/MOSKVA),LAB INDUSTRIES/MOSKVA,Active
20160380,4015000993678,SCHAUMA+FA (SHM F/M 380+SOA BODR.90 FR) ,BPZ - BANDED PACKS,UNABLE TO SEGMENT,HENKEL,Active
75880424,4005800301834,NIVEA MEN FRESH KICK (SHP FO200+DEO50) ,BPZ - BANDED PACKS,NIVEA MEN (BEIERSDORF),BEIERSDORF,Active
83038493,0000046241030,TINT BERRY D/MANIK.V DOM.USLOV(3XNPL+HAC+CPC) ,BPZ - BANDED PACKS,TINT BERRY (AKHAPKINA IP/MOSKVA),AKHAPKINA IP/MOSKVA,Active
219624951,0701575488698,TOPLASH LASH SET (EMC+CPC) ,BPZ - BANDED PACKS,TOPLASH (TOPLASH LP/IRELAND),TOPLASH LP/IRELAND,Active
156361155,4027800836505,WILKINSON SWORD QUATT.TITAN. CORE MOTION (RAZ+2BLD) ,BPZ - BANDED PACKS,WILKINSON SWORD (EDGEWELL PERSONAL CARE),EDGEWELL PERSONAL CARE,Active
32415363,2900000991507,HEADLINER FOR MEN (RAZ+3BLD) ,BPZ - BANDED PACKS,HEADLINER,PL MONETKA,Active
23561335,4016369661550,LACALUT WHITE (TTH 75ML + ZUB.NIT`FREE) ,BPZ - BANDED PACKS,NA,NA,Active
77494715,2000000100531,MY ROSE OF BULGARIA (2XFCR D50+N50+HAC75 FR) ,BPZ - BANDED PACKS,MY ROSE OF BULGARIA(LAVENA/BOLGARIYA),LAVENA/BOLGARIYA,Active
69122689,2000166410086,DR.SEA TSELEBNYE DARY MYORTVOGO MORYA(BCR600+CPC) ,BPZ - BANDED PACKS,DR.SEA (DR.SEA COSMETICS/ISRAEL),DR.SEA COSMETICS/ISRAEL,Active
58922566,1220000150249,DIZAO MASKI D/LITSA SHEI GLAZ (14XFS) ,BPZ - BANDED PACKS,DIZAO (LU SHI TSAO/JAPAN),LU SHI TSAO/JAPAN,Active
77787952,1220000151482,DIZAO SAMO SOVERSHENSTVO(4XFS 3X8+12) ,BPZ - BANDED PACKS,DIZAO (LU SHI TSAO/JAPAN),LU SHI TSAO/JAPAN,Active
69056614,2000166410093,DR.SEA KREM DLYA RUK I NOG S MIN.MERTV.MOR.(HAC 100+BCR 100) ,BPZ - BANDED PACKS,DR.SEA (DR.SEA COSMETICS/ISRAEL),DR.SEA COSMETICS/ISRAEL,Active
199143654,4610173181084,TOP HOUSE D/STEKLOKERAMIKI(STO320ML+2XCPC) ,BPZ - BANDED PACKS,TOP HOUSE (ALTEROS/MOSKVA),ALTEROS/MOSKVA,Active
223879418,4680776180586,CURAPROX (2TBRCS5460+3TTH ENZ.950 75+KIDS10+ENZ.1450 10+CPC),BPZ - BANDED PACKS,CURAPROX (CURADEN/SWITZERLAND),CURADEN/SWITZERLAND,Active
78256859,4606453074269,ESTEL LITTLE ME OTLICHNOE NASTROENIE(SHM300+SRG200+TTH60) ,BPZ - BANDED PACKS,ESTEL (ESTEL/SANKT-PETERBURG),ESTEL/SANKT-PETERBURG,Active
101421736,4016369536131,LACALUT KIDS 2-6 (TTH 65G+TBR FR) ,BPZ - BANDED PACKS,LACALUT (DR.THEISS NATURWAREN/GERMANY),DR.THEISS NATURWAREN/GERMANY,Active
169166445,4606453083490,ESTEL ME ETO TSVET (SHM400ML+2XHCR 300ML+100ML) ,BPZ - BANDED PACKS,ESTEL (ESTEL/SANKT-PETERBURG),ESTEL/SANKT-PETERBURG,Active
182773839,4670124174329,ECOLATIER BEAUTY 6V1(2XSRG+SOA+3XBCR+CPC FR) ,BPZ - BANDED PACKS,ECOLATIER (GRINKOSMETIK GRUPP/MOSKVA),GRINKOSMETIK GRUPP/MOSKVA,Active
198202536,4680117414554,DELTA COSMETICS DETOXPRO (SHM250ML+SRG250L) ,BPZ - BANDED PACKS,DELTA COSMETICS (DEL`TA PARFYUM/MOSKOVSKAYA OBL.),DEL`TA PARFYUM/MOSKOVSKAYA OBL.,Active
204063423,4605922031758,CAMAY MAGICHESKOE ZAKLINANIE (2XSRGX250ML),BPZ - BANDED PACKS,CAMAY (ARNEST/UNIRUS),ARNEST/UNIRUS,Active
223841457,4607953919562,X.O.ORIGINAL N1005-2(SHM250ML+SRG250ML),BPZ - BANDED PACKS,X.O. (TIMEKS KOSMETIK/MOSKVA),TIMEKS KOSMETIK/MOSKVA,Active
69729900,4630049645151,COMPLIMENT SPORTCAR #1 N1168(250XSHM+SRG+CPC FR) ,BPZ - BANDED PACKS,COMPLIMENT (TIMEKS KOSMETIK/MOSKVA),TIMEKS KOSMETIK/MOSKVA,Active
101371680,4620149641108,KRASSA JUNIOR D/DEVOCHEK(SHM250+SRG250) ,BPZ - BANDED PACKS,KRASSA (KRASSA-KOSMETIKS/MOSKVA),KRASSA-KOSMETIKS/MOSKVA,Active
223841453,4607953919494,COMPLIMENT NEW BOSS BUSINESSMAN N1771-2(SHM250ML+SRG250ML),BPZ - BANDED PACKS,COMPLIMENT (TIMEKS KOSMETIK/MOSKVA),TIMEKS KOSMETIK/MOSKVA,Active
223870966,4657830017171,NATUSANA (2XTTHX100ML GUM PROT.+BIO HERBAL),BPZ - BANDED PACKS,NATUSANA (DR.THEISS NATURWAREN/GERMANY),DR.THEISS NATURWAREN/GERMANY,Active
223835042,8006530110297,GILLETTE LABS (RAZ+BLD2C+CPC FR),BPZ - BANDED PACKS,GILLETTE (PROCTER & GAMBLE),PROCTER & GAMBLE,Active
216385129,4680599400113,7 DAYS B.COLOUR AMORE MIO (EMC+BRO+CPC FR) ,BPZ - BANDED PACKS,7 DAYS (SOFIS/MOSKVA),SOFIS/MOSKVA,Active
223857907,4605922039525,AKS DARK TEMPTATION(SRG 250ML+DEO 150ML),BPZ - BANDED PACKS,AKS (ARNEST/UNIRUS),ARNEST/UNIRUS,Active
192749436,4605922007630,CHERNIY ZHEMCHUG INT.PIT.S KOLLAG(2XFCR 46ML+17ML+FW150ML),BPZ - BANDED PACKS,CHERNIY ZHEMCHUG (ARNEST/UNIRUS),ARNEST/UNIRUS,Active
223865552,4602984032112,BOLSHAYA STIRKA+BIS(DTR YAR.TSV.1.2KG +BLE TAIN.LOTOS 0.9L),BPZ - BANDED PACKS,UNABLE TO SEGMENT (STUPINSKIY KHIMZAVOD/STUPINO),STUPINSKIY KHIMZAVOD/STUPINO,Active
223845531,4605922039730,DAV FRUKTOVOE NASTROENIR (2XSRGX250ML FR.KREM+VOSST),BPZ - BANDED PACKS,DAV (ARNEST/UNIRUS),ARNEST/UNIRUS,Active
223860404,4605922039785,DOVE S LYUBOV`YU DLYA VAS(DEO50ML+HAC45ML),BPZ - BANDED PACKS,DAV (ARNEST/UNIRUS),ARNEST/UNIRUS,Active
223862281,4605922039846,CAMAY BOTANICALS FRUKTOVO-TSVETOCHNIY BUKET(3XSRG 250ML),BPZ - BANDED PACKS,CAMAY (ARNEST/UNIRUS),ARNEST/UNIRUS,Active
192571394,4605922005834,REXONA MEN ACTIVE POWER (DEO50ML+SRG180ML),BPZ - BANDED PACKS,REKSONA (ARNEST/UNIRUS),ARNEST/UNIRUS,Active
223857900,4630121118412,SKIN EVOLUTION OH MY HONEY (SRG270ML+BCR400ML),BPZ - BANDED PACKS,SKIN EVOLUTION (NATURA SIBERICA/MOSKVA),NATURA SIBERICA/MOSKVA,Active
223873432,4610262613458,CEDRA GIFT SET (HAC75 + BCR75),BPZ - BANDED PACKS,CEDRA (PL DROGERY SOYUZ),PL DROGERY SOYUZ,Active
223860353,4610117507321,ORGANIC SHOP FRAGON GLOW (2XFW G100ML+T200ML),BPZ - BANDED PACKS,ORGANIC SHOP (NATURA SIBERICA/MOSKVA),NATURA SIBERICA/MOSKVA,Active
219202811,4600999062360,MEN CODE (SHP G150ML+SRG 150ML) ,BPZ - BANDED PACKS,MEN CODE (COTTON CLUB),COTTON CLUB,Active
205696862,4680144955372,ARAVIA LABORATORIES AQUA SPLASH (FCR50ML+2XFWX200ML) ,BPZ - BANDED PACKS,ARAVIA LABORATORIES (ARAVIA/MOSKVA),ARAVIA/MOSKVA,Active
223853214,8690506561185,ARKO+BLADE (SRG BLACK 2V1 260ML+DEO ART.INTEL.150ML),BPZ - BANDED PACKS,UNABLE TO SEGMENT (EVYAP),EVYAP,Active
223856875,4610117507352,ORGANIC SHOP COCONUT CARE (SHM200+HCR200),BPZ - BANDED PACKS,ORGANIC SHOP (NATURA SIBERICA/MOSKVA),NATURA SIBERICA/MOSKVA,Active
214608615,4630262805110,CARELAX MN8 (SRG250ML+DEO150ML+CPC) ,BPZ - BANDED PACKS,CARELAX (ERA HPC DISTRIBUTION/SANKT-PETERBURG),ERA HPC DISTRIBUTION/SANKT-PETERBURG,Active
223856873,4610117507031,PLANETA ORGANICA PARIS KISS (2XBCRX200),BPZ - BANDED PACKS,PLANETA ORGANICA (NATURA SIBERICA/MOSKVA),NATURA SIBERICA/MOSKVA,Active
223860354,4630121118344,LAB BIOME MUST HAVE (FW200ML+FS75ML),BPZ - BANDED PACKS,LAB BIOME (NATURA SIBERICA/MOSKVA),NATURA SIBERICA/MOSKVA,Active
223856871,4610117506836,ORGANIC KITCHEN BUBBLE BOOM(SRG170ML+BCR170ML),BPZ - BANDED PACKS,ORGANIC KITCHEN (NATURA SIBERICA/MOSKVA),NATURA SIBERICA/MOSKVA,Active
54265415,4627150232226,ROYAL CANIN SHN MIN(3XDOG PUP.S2KGD + PUP.SAU.H2X0.085KGFR) ,BPZ - BANDED PACKS,ROYAL CANIN (ROYAL CANIN/FRANCE),ROYAL CANIN/FRANCE,Active
68175432,4640030844043,URBAN HERO LIKE A BOSS(230XSHM+SRG) ,BPZ - BANDED PACKS,URBAN HERO (RUSSKAYA KOSMETIKA/ODINTSOVO MOSK.OBL.),RUSSKAYA KOSMETIKA/ODINTSOVO MOSK.OBL.,Active
34665404,4660018603110,EKOLLA-BIO LAVANDA(75XHAC+BCR FOOT) ,BPZ - BANDED PACKS,EKOLLA-BIO (BIOKON PLYUS NPO/MOSKVA),BIOKON PLYUS NPO/MOSKVA,Active
32196834,4607174436381,OBLEPIKHA SIBERICA PROFESS.(50XSHM+HCR+SRG+BCR) ,BPZ - BANDED PACKS,OBLEPIKHA SIBERICA (NATURA SIBERICA/MOSKVA),NATURA SIBERICA/MOSKVA,Active
71604367,4627085870012,DORCO SLALOM (RAZ + BLD 4C) ,BPZ - BANDED PACKS,DORCO,DORCO LTD,Active
221625997,4640193240164,LA ROCHE-POSAY EFFACLAR (FCR40ML+SRG200ML 50%) ,BPZ - BANDED PACKS,LA ROCHE - POSAY (LOREAL/LA ROCHE - POSAY),LOREAL/LA ROCHE - POSAY,Active
123889568,4627079682461,BLITZ (6XCAT TU&LI H2X85G+SA&TU H2X85G +LA&TU H2X85G)1FR ,BPZ - BANDED PACKS,BLITZ (KOMPANIYA AKANA/MOSKOVSKAYA OBL.),KOMPANIYA AKANA/MOSKOVSKAYA OBL.,Active
34802809,4607069384285,AHMAD WEEKEND COLLECTION  3X20PRMD 108GR USG ,BPZ - BANDED PACKS,AHMAD TEA (AHMAD TEA LTD/LONDON),AHMAD TEA LTD/LONDON,Active
23730117,4680008124531,MEN`S PLANET OCEAN (SRG DC 250+SHP M200) ,BPZ - BANDED PACKS,MEN`S PLANET (FESTIVA/MOSKVA),FESTIVA/MOSKVA,Active
94384962,4630056269395,MINI ME FRUKTOVYE FANTAZII(SHM 500+TTH 75) ,BPZ - BANDED PACKS,MINI ME (FEMILI KOSMETIK/MOSKVA),FEMILI KOSMETIK/MOSKVA,Active
26749792,4680008124715,BLUE MARINE FOR MAN SPORT(250XSHM+SRG) ,BPZ - BANDED PACKS,BLUE MARINE,FESTIVA/MOSKVA,Active
90061484,4680117402162,FORMULA SEXY PHEROMONE + 4(SHM250+SRG250) ,BPZ - BANDED PACKS,FORMULA SEXY (DEL`TA PARFYUM/MOSKOVSKAYA OBL.),DEL`TA PARFYUM/MOSKOVSKAYA OBL.,Active
215844175,4650212704584,VIKING AYSBERG (SRG300ML+MFR75ML) ,BPZ - BANDED PACKS,VIKING (RUSSKAYA KOSMETIKA/ODINTSOVO MOSK.OBL.),RUSSKAYA KOSMETIKA/ODINTSOVO MOSK.OBL.,Active
52666276,4680016720602,COSA NOSTRA FOR MEN(SHP FO200+CPC) ,BPZ - BANDED PACKS,COSA NOSTRA (PARIS LINE PARFUMS/FRANCE),PARIS LINE PARFUMS/FRANCE,Active
210343870,4610117504047,ORGANIC SHOP SMOOTHIE BOOST (FS100ML+FW100ML) ,BPZ - BANDED PACKS,ORGANIC SHOP (NATURA SIBERICA/MOSKVA),NATURA SIBERICA/MOSKVA,Active
151343919,4640145084808,LISS KROULLY MN-2301(SHM260ML+SRG260ML) ,BPZ - BANDED PACKS,LISS KROULLY (LISS KROULLY LLP/GREAT BRITAIN),LISS KROULLY LLP/GREAT BRITAIN,Active
37615725,4680008124975,LIGHT COAST (SHM250 + SRG250) ,BPZ - BANDED PACKS,LIGHT COAST (FESTIVA/MOSKVA),FESTIVA/MOSKVA,Active
26750286,4680008124692,BLUE MARINE FOR MAN SPORT(SHM250+SHP M200) ,BPZ - BANDED PACKS,BLUE MARINE,FESTIVA/MOSKVA,Active
33794633,4620018870691,LEGEND MONT BLANC N1074(SHM 250ML+MFR C100ML) ,BPZ - BANDED PACKS,LEGEND (TIMEKS KOSMETIK/MOSKVA),TIMEKS KOSMETIK/MOSKVA,Active
217339771,4670208271555,ORGANELL SPA BEAUTY SET HYDRATION (SRG300ML+CPC) ,BPZ - BANDED PACKS,ORGANELL (ZELYONAYA MANUFAKTURA/MOSKVA),ZELYONAYA MANUFAKTURA/MOSKVA,Active
85611404,4630111241083,PERFECT MEN SILVER ICE(MFR LO100+SHM 2IN1 250) ,BPZ - BANDED PACKS,PERFECT MEN (PARFYUMERIYA XXI VEKA/MOSKVA),PARFYUMERIYA XXI VEKA/MOSKVA,Active
101943398,4630049644291,COMPLIMENT DOUBLE BEAUTY N1832(BCR400ML+CPCX2) ,BPZ - BANDED PACKS,COMPLIMENT (TIMEKS KOSMETIK/MOSKVA),TIMEKS KOSMETIK/MOSKVA,Active
72491531,4870205224480,FRESH FOOTBALL FOR MEN(SHM300+SRG300) ,BPZ - BANDED PACKS,FRESH (AROMIKA/KAZAKHSTAN),AROMIKA/KAZAKHSTAN,Active
87471135,4650244512225,FAMILY COSMETICS ALFA URBANISTIC ENERGY(SRG150+MFR150) ,BPZ - BANDED PACKS,FAMILY COSMETICS (FEMILI KOSMETIK/MOSKVA),FEMILI KOSMETIK/MOSKVA,Active
25016132,4680016720343,NUMBER ONE FOR MEN (DEO SP 150+T/V 100) ,BPZ - BANDED PACKS,NUMBER ONE (PARIS LINE PARFUMS/FRANCE),PARIS LINE PARFUMS/FRANCE,Active
207463201,4660222726353,DOCKLAND AKTUAL`NAYA KLASSIKA (SHP FO200ML+DEO150ML),BPZ - BANDED PACKS,DOCKLAND (ARNEST/ARNEST),ARNEST/ARNEST,Active
197872336,4680117407785,HAPPY WOMAN ANGEL SECRET (2XBCR S150G+L150ML) ,BPZ - BANDED PACKS,HAPPY WOMAN (DEL`TA PARFYUM/MOSKOVSKAYA OBL.),DEL`TA PARFYUM/MOSKOVSKAYA OBL.,Active
59663107,4640030841721,CLIVEN F/MEN N401(200XSHP+DEO) ,BPZ - BANDED PACKS,CLIVEN (LAB.DI CHIMICA APPLICATA (LCA)),LAB.DI CHIMICA APPLICATA (LCA),Active
219937515,4620115551004,BIOKRIM COCONUT GIFT SET (SHM250ML+SRG250ML) ,BPZ - BANDED PACKS,BIOKRIM (PETROBIO/SPB),PETROBIO/SPB,Active
54539193,4627150233483,ROYAL CANIN(2XDOG YORK. S 1.5KG+YORK. PATE H 4X0.085KG FR) ,BPZ - BANDED PACKS,ROYAL CANIN (ROYAL CANIN/FRANCE),ROYAL CANIN/FRANCE,Active
44204363,4620020871433,ALISA V STRANE CHUDES VOLSHEBNOE PRIKLYUCH(250XSHM+SRG) ,BPZ - BANDED PACKS,ALISA V STRANE CHUDES (FESTIVA/MOSKVA),FESTIVA/MOSKVA,Active
42190101,4620020871303,MOY PRINTS MALEN`KAYA PLANETA(250XSHM+SRG) ,BPZ - BANDED PACKS,MOY PRINTS (FESTIVA/MOSKVA),FESTIVA/MOSKVA,Active
76762772,4630056266745,MINI ME SLADKOE PUTESHESTVIE(SRG HB 500+TTH 75) ,BPZ - BANDED PACKS,MINI ME (FEMILI KOSMETIK/MOSKVA),FEMILI KOSMETIK/MOSKVA,Active
156916459,4610172182433,ZEITUN RITUAL OF REVIVAL ARG.OIL(SRG250+BCRX250S+200C+HAC50) ,BPZ - BANDED PACKS,ZEITUN (ZEYTUN/MOSKVA),ZEYTUN/MOSKVA,Active
134630628,4630118573859,SAMMY BEAUTY CHERRY(2XSRGX250ML+BCR200ML) ,BPZ - BANDED PACKS,SAMMY BEAUTY (BEAUTY INNOVATIONS/MOSKVA),BEAUTY INNOVATIONS/MOSKVA,Active
42002175,4607154693407,VILENTA PRETTY KITTY(SRG 2V1 HB 400+HCR 200) ,BPZ - BANDED PACKS,VILENTA (SOFIS/MOSKVA),SOFIS/MOSKVA,Active
59523514,4631145320508,BE I DETOKS STROYNOE TELO(2XBCR S250+O100+CPC) ,BPZ - BANDED PACKS,BE I (COSMO PROFESSIONAL/MOSKVA),COSMO PROFESSIONAL/MOSKVA,Active
172211535,4630119787910,MEMORY OF PROVENCE WHITE MUSK(SHM500ML+HCR500ML) ,BPZ - BANDED PACKS,MEMORY OF PROVENCE (JU FAMILY/KOREA),JU FAMILY/KOREA,Active
44785795,4640001814259,BOTAVIKOS RELAX TRAVEL KIT(50XSHM+HCR+SRG+CPC) ,BPZ - BANDED PACKS,BOTAVIKOS (BOTANIKA/MOSKVA),BOTANIKA/MOSKVA,Active
183429234,4640240042086,SYNERGETIC (DSL ROM.I LIP.TSV.500+2XSOAX500 MYAT.LAYM+SV.AL) ,BPZ - BANDED PACKS,SYNERGETIC (SYNERGETIC/N.NOVGOROD),SYNERGETIC/N.NOVGOROD,Active
183429298,4640240042062,SYNERGETIC (DSL D/DET/POS.500+2XSOAX500 MIND.MOR+VAN.KOKOS) ,BPZ - BANDED PACKS,SYNERGETIC (SYNERGETIC/N.NOVGOROD),SYNERGETIC/N.NOVGOROD,Active
183429344,4640240042079,SYNERGETIC(DSL LAYM I KR.AP.500+2XSOAX500 YAG.MUSS+SOCH.MAN) ,BPZ - BANDED PACKS,SYNERGETIC (SYNERGETIC/N.NOVGOROD),SYNERGETIC/N.NOVGOROD,Active
102029667,4650202220742,AVENE(FCR HYDR.UV LEGERE 40ML+FW TON.LO 100ML FR) ,BPZ - BANDED PACKS,EAU THERMAL AVENE (PIERRE FABRE/FRANCE),PIERRE FABRE/FRANCE,Active
206792853,4640193171109,MATRIX BIOLAGE HYDRASOURCE (SHM250ML+HCR200ML) ,BPZ - BANDED PACKS,MATRIX (LOREAL/MATRIX),LOREAL/MATRIX,Active
216409439,4610012281692,KARMA YOUR SKIN REPAIR (SHM500ML+HCR500ML) ,BPZ - BANDED PACKS,KARMA YOUR SKIN (PLOTNIKOVA IP/MOSKVA),PLOTNIKOVA IP/MOSKVA,Active
62600333,4690214632300,VICHY AQUAL.THERMAL(2XFCR LIG.C50+Y B15+FW FO150 FR) ,BPZ - BANDED PACKS,VICHY (LOREAL/VICHY LABORATORIES),LOREAL/VICHY LABORATORIES,Active
58247007,4660048351876,ZEITUN EKSPRESS UKHOD F/MEN(250XSHM+SRG) ,BPZ - BANDED PACKS,ZEITUN (ZEYTUN/MOSKVA),ZEYTUN/MOSKVA,Active
56794389,4640018233975,LIMONI SNAIL INTENSE CARE(2XFCR C50+Y25+FS MC50) ,BPZ - BANDED PACKS,LIMONI,CONFALONIERI MATTITE/ITALY,Active
91135878,4673727790378,SHOKOLADBERI (18XCHO 25GR) 450GR ,BPZ - BANDED PACKS,SHOKOLADBERI (SHOKOLADBERI/SANKT-PETERBURG),SHOKOLADBERI/SANKT-PETERBURG,Active
178357191,4640193170898,LA ROCHE-POSAY(2XFW CLEAN.MIC.FO150ML+ULT.MICEL.L200ML 50%) ,BPZ - BANDED PACKS,LA ROCHE - POSAY (LOREAL/LA ROCHE - POSAY),LOREAL/LA ROCHE - POSAY,Active
83313884,4650057006133,BIOKRIM LOTOS I PSHENITSA(SHM250+SRG250) ,BPZ - BANDED PACKS,BIOKRIM (PETROBIO/SPB),PETROBIO/SPB,Active
223870941,4610083049030,SVEZHINKA (2XAFRX300ML IZUMRUDN.SVEZHEST+VISHN.ZAKAT),BPZ - BANDED PACKS,SVEZHINKA (NORVIN/MOSKVA),NORVIN/MOSKVA,Active
206810452,4650017012327,CAFE MIMI MAGIC FLOWERS (SHM100ML+SRG100ML+BCR100ML) ,BPZ - BANDED PACKS,CAFE MIMI (GRINKOSMETIK GRUPP/MOSKVA),GRINKOSMETIK GRUPP/MOSKVA,Active
41804883,4620020871044,ALISA V STRANE CHUDES SKAZOCH.PEREPOLOKH(250XSHM+SRG) ,BPZ - BANDED PACKS,ALISA V STRANE CHUDES (FESTIVA/MOSKVA),FESTIVA/MOSKVA,Active
210285919,4630310730432,ICON SKIN RE:VITA C VITAMIN C (2XFW 150+175) ,BPZ - BANDED PACKS,ICON SKIN (ESTILAB RUS/MOSKVA),ESTILAB RUS/MOSKVA,Active
68795310,3661434008238,URIAGE XEMOSE(BCR B-O500+SRG200 FR) ,BPZ - BANDED PACKS,URIAGE (ANTONIO PUIG/BARSELONA),ANTONIO PUIG/BARSELONA,Active
83778007,4606453074856,EST ELLE MARINE SPA-NAB.D/TELA(SRG+DEO+BCR+CPC) ,BPZ - BANDED PACKS,EST ELLE MARINE (ESTEL/SANKT-PETERBURG),ESTEL/SANKT-PETERBURG,Active
24077376,4607051542303,KRASNOD.BUKET NAB. TEA 6XPK 50GR ,BPZ - BANDED PACKS,NA,NA,Active
69909919,4610017994856,MONGE(2XDOG LA&RI&PO A SM S0.8KG+ GRIL BE A H0.1KGFR) ,BPZ - BANDED PACKS,MONGE (MONGE & C./ITALY),MONGE & C./ITALY,Active
223856866,4606453093802,ESTEL SECRETS (SRG TSV.PROB.300ML+BCR NEZH.PRIK.100ML),BPZ - BANDED PACKS,ESTEL (ESTEL/SANKT-PETERBURG),ESTEL/SANKT-PETERBURG,Active
71032336,4603740870993,SILVER GARDEN MANGO (SHM250+SRG250) ,BPZ - BANDED PACKS,SILVER GARDEN (FESTIVA/MOSKVA),FESTIVA/MOSKVA,Active
58138238,4603740870054,MOLECULA (SHM250 + SRG250) ,BPZ - BANDED PACKS,MOLECULA (FESTIVA/MOSKVA),FESTIVA/MOSKVA,Active
58857158,4210201299677,ORAL-B (THB VITAL.100 SENSI ULTRATHIN+CPC FR) ,BPZ - BANDED PACKS,ORAL-B (PROCTER & GAMBLE),PROCTER & GAMBLE,Active
95123000,4606595114465,DREAM NATURE (SHM LUX.SHINE 250+SRG250) ,BPZ - BANDED PACKS,DREAM NATURE (EVROTEK/SANKT-PETERBURG),EVROTEK/SANKT-PETERBURG,Active
219015411,4600999062445,YA SAMAYA MECHTAY & LETAY (2XHACX50ML) ,BPZ - BANDED PACKS,YA SAMAYA (COTTON CLUB),COTTON CLUB,Active
44510809,4606453047546,ESTEL PROF.CUREX SUN FLOWER(SHM+2XHCR MC+SP) ,BPZ - BANDED PACKS,ESTEL PROFESSIONAL (ESTEL/SANKT-PETERBURG),ESTEL/SANKT-PETERBURG,Active
223835019,4610267810876,WETELL 2 BLADES (RAZ+9BLD),BPZ - BANDED PACKS,WETELL (WETELL/USA),WETELL/USA,Active
38064079,8714100923382,CIF (HSH ROZ.SVEZH.500+CPC PERCHATKI FR),BPZ - BANDED PACKS,SIF (ARNEST/UNIRUS),ARNEST/UNIRUS,Active
20158499,8711700677837,TIMOTEI(SHM ROSK.OB.400+SOA LEG.TI.90FR) ,BPZ - BANDED PACKS,TIMOTEI (YELLOW WOOD PARTNERS/USA),YELLOW WOOD PARTNERS/USA,Active
82759383,0887930421972,KODAK ULTRA PREMIUM (RAZ+BLD3) ,BPZ - BANDED PACKS,KODAK,KODAK,Active
153245813,4603514017142,FOWLER`S+COOLCOLA (WKY 0.5L+2XDRN 0.5L) ,BPZ - BANDED PACKS,UNABLE TO SEGMENT,UNABLE TO SEGMENT,Active
21706297,4027800213436,SCHICK PROTECTOR LADY(BLD C5+RAZ FREE) ,BPZ - BANDED PACKS,SCHICK (EDGEWELL PERSONAL CARE),EDGEWELL PERSONAL CARE,Active
57482439,4602006258322,ZOLLIDER HYBRID 3 ALPHA (RAZ + BLD 2C) ,BPZ - BANDED PACKS,ZOLLIDER (GRADIENT GK/MOSKVA),GRADIENT GK/MOSKVA,Active
217538711,4603014029355,SPLAT TRAVEL(TTH BIOKALTSIY 25GR+TBR) ,BPZ - BANDED PACKS,SPLAT (SPLAT-KOSMETIKA/MOSKVA),SPLAT-KOSMETIKA/MOSKVA,Active
69475441,4621802881633,FLOWER LUXURY (300XSHM+SRG+BCR100+CPC) ,BPZ - BANDED PACKS,FLOWER LUXURY (RESURS-SPB),RESURS-SPB,Active
141042004,4602159021859,LOVE IS.(LPS VISHNYA&MALINA 4.2G+GUM VISHNYA&MALINA 3X ,BPZ - BANDED PACKS,LOVE IS... (UNABLE TO SEGMENT),UNABLE TO SEGMENT,Active
68945973,4603736080467,SPORTY LIGHT PROT.COOK.ASSORTI (4XSWB 40GR) ,BPZ - BANDED PACKS,SPORTY (SPORTI/NIZHNIY NOVGOROD),SPORTI/NIZHNIY NOVGOROD,Active
216139699,8436591800880,NORD`S SECRET SEKRET SEVERA CHYORN.MOZH(BCR100+SRG100+CPC) ,BPZ - BANDED PACKS,NORD`S SECRET (DEL`TA B`YUTILAB/MOSKVA),DEL`TA B`YUTILAB/MOSKVA,Active
66929555,8718951369566,PALM.NAT.INTENS.UVL.OLIVE (SRG250+SOA90) ,BPZ - BANDED PACKS,PALMOLIVE (COLGATE-PALMOLIVE),COLGATE-PALMOLIVE,Active
146139106,8700216149389,OLD SPICE (DEO NIGHTPANTHER 150ML+SRG WOLFTHORN 250ML) ,BPZ - BANDED PACKS,OLD SPICE (PROCTER & GAMBLE),PROCTER & GAMBLE,Active
57886826,7702018516445,VENUS COMFORTGLIDE SPA BREEZE(RAZ+BLD2+2XCPC FR) ,BPZ - BANDED PACKS,VENUS (PROCTER & GAMBLE),PROCTER & GAMBLE,Active
77783062,6291012900912,DORALL COLLECTION LADY DORALL(BCR50+SRG50+T/V30) ,BPZ - BANDED PACKS,DORALL COLLECTION (AZTEC FINANCE/MAURITIUS),AZTEC FINANCE/MAURITIUS,Active
173089145,8436591800903,NORD`S SECRET AL`PIYSKAYA SVEZHEST`(SRG300ML+DEO50ML) ,BPZ - BANDED PACKS,NORD`S SECRET (DEL`TA B`YUTILAB/MOSKVA),DEL`TA B`YUTILAB/MOSKVA,Active
85896629,8720633000216,CHERNIY ZHEMCHUG LIFTACTIVATOR(FCR48+FS160),BPZ - BANDED PACKS,CHERNIY ZHEMCHUG (ARNEST/UNIRUS),ARNEST/UNIRUS,Active
57888274,7702018529483,GILLETTE+HEAD&SHOULD(RAZ MACH 3+SHM 2V1 OSN.UKH.200) ,BPZ - BANDED PACKS,UNABLE TO SEGMENT (PROCTER & GAMBLE),PROCTER & GAMBLE,Active
77027962,7702018611980,GILLETTE PROGLIDE (RAZ FLEXB+BLD1C+SHP200+2XCPC FR) ,BPZ - BANDED PACKS,GILLETTE (PROCTER & GAMBLE),PROCTER & GAMBLE,Active
23818703,4680008123817,MEN`S PLANET OCEAN N1(250MLXSHM+SRG) ,BPZ - BANDED PACKS,MEN`S PLANET (FESTIVA/MOSKVA),FESTIVA/MOSKVA,Active
41575932,7702018465446,VENUS SPA BREEZE(RAZ C1+BLD C1+CPC) ,BPZ - BANDED PACKS,VENUS (PROCTER & GAMBLE),PROCTER & GAMBLE,Active
21811516,8801038116853,DORCO PACE 6 PLUS(RAZ+BLD) ,BPZ - BANDED PACKS,DORCO,DORCO LTD,Active
151245083,8700216171670,GILLETTE FUSION PROGLIDE(RAZ FLEXB+SHP MOIST.G200ML) ,BPZ - BANDED PACKS,GILLETTE (PROCTER & GAMBLE),PROCTER & GAMBLE,Active
177352661,6959794504307,COSMIA 6 (RAZ+3BLD) ,BPZ - BANDED PACKS,COSMIA (PL AUCHAN),PL AUCHAN,Active
56792288,8714100810323,DOVE KOL.INTENS.VOSST(SHM250+HCR 1 MIN.SUPER180),BPZ - BANDED PACKS,DAV (ARNEST/UNIRUS),ARNEST/UNIRUS,Active
45455440,8001090953216,PANT.PRO-V GUST.&KREP(SHM 250 + HCR 200) ,BPZ - BANDED PACKS,PANTENE PRO-V (PROCTER & GAMBLE),PROCTER & GAMBLE,Active
41804902,8005610460086,BRUNO BANANI ABSOL.MAN(SRG DC 50+T/V30) ,BPZ - BANDED PACKS,BRUNO BANANI,BRUNO BANANI/GERMANY,Active
147414496,8718951632639,PALMOLIVE SUPER FOODI(SRG GREYPF&IMB.250+SOA ASAI&OVYOS300) ,BPZ - BANDED PACKS,PALMOLIVE (COLGATE-PALMOLIVE),COLGATE-PALMOLIVE,Active
20158910,8009315014001,SILVER CARE KIT VIAGGIO TTH G 20 ML+TBR ,BPZ - BANDED PACKS,NA,NA,Active
41561544,4690494038427,PRINTSESSA TUTTI-FRUTTI(300XSHM+SRG) ,BPZ - BANDED PACKS,PRINTSESSA (BIG/MOSKVA),BIG/MOSKVA,Active
57930188,4690214563529,GARNIER (FCR GIAL.ALOE-GEL 50+FW MITS.VODA 100 FR) ,BPZ - BANDED PACKS,GARNIER SKIN NATURALS (LOREAL/GARNIER LABORATORIES),LOREAL/GARNIER LABORATORIES,Active
145651028,8720633011144,BARKH.RUCHKI S TEPLOTOY DLYA TEBYA(2XHACX80 PITAT+NOCHNOY),BPZ - BANDED PACKS,BARKHATNYE RUCHKI (ARNEST/UNIRUS),ARNEST/UNIRUS,Active
62567743,7702018558940,GILLETTE MACH 3 (RAZ + BLD 4C) ,BPZ - BANDED PACKS,GILLETTE (PROCTER & GAMBLE),PROCTER & GAMBLE,Active
76786965,7702018614110,GILLETTE FUSION(RAZ+SHP SENS.G200) ,BPZ - BANDED PACKS,GILLETTE (PROCTER & GAMBLE),PROCTER & GAMBLE,Active
146227656,8700216171960,HEAD&SH+OLD SPICE(SHM 2V1 OSN.UKH.200ML+DEO WHITEWAT.50ML) ,BPZ - BANDED PACKS,UNABLE TO SEGMENT (PROCTER & GAMBLE),PROCTER & GAMBLE,Active
45491186,8001090965851,OLD SPICE BEARGLOVE (DEO AP150ML+SRG250ML) ,BPZ - BANDED PACKS,OLD SPICE (PROCTER & GAMBLE),PROCTER & GAMBLE,Active
67882580,8714100859155,CAMAY MAGIQUE AURA(2XSRGX250 MAGIQUE+CLASSIQUE),BPZ - BANDED PACKS,CAMAY (ARNEST/UNIRUS),ARNEST/UNIRUS,Active
46377371,8001090953278,HEAD & SHOULD.SUPREME UKREPLENIE(SHM300+HCR275) ,BPZ - BANDED PACKS,HEAD & SHOULDERS (PROCTER & GAMBLE),PROCTER & GAMBLE,Active
23981784,4680008123879,MEN`S PLANET ENERGY N1(250MLXSHM+SRG) ,BPZ - BANDED PACKS,NA,NA,Active
87981093,6970897020228,TOPTECH PRO 3 (RAZ+30BLD) ,BPZ - BANDED PACKS,TOPTECH (NASTOYATSHIY MUZHCHINA/CHEBOKSARY),NASTOYATSHIY MUZHCHINA/CHEBOKSARY,Active
57429398,7702018508549,GILL.FUS.PROGL.(RAZ FLEXB.1C+SHP FUS.SENS.G75) ,BPZ - BANDED PACKS,GILLETTE (PROCTER & GAMBLE),PROCTER & GAMBLE,Active
126307928,6959794503980,COSMIA 6 (RAZ+2BLD) ,BPZ - BANDED PACKS,COSMIA (PL AUCHAN),PL AUCHAN,Active
23980269,6920354815133,COLGATE MAKS BLESK 2XTTH(100ML+50MLFREE) ,BPZ - BANDED PACKS,NA,NA,Active
82498279,4813360003057,SELFIELAB BEAUTY MAGIC HYAL.ACID+NIACINAMIDE(4XFS 2MZ+2Y MZ) ,BPZ - BANDED PACKS,SELFIELAB (KLINKOSMIK/BELARUS),KLINKOSMIK/BELARUS,Active
97640206,6970897020204,TOPTECH PRO 3 (RAZ+9BLD) ,BPZ - BANDED PACKS,TOPTECH (NASTOYATSHIY MUZHCHINA/CHEBOKSARY),NASTOYATSHIY MUZHCHINA/CHEBOKSARY,Active
147076888,4607194251247,CANTLAY MAN (RAZ + 20BLD) ,BPZ - BANDED PACKS,CANTLAY (PL OKEY),PL OKEY,Active
20153889,4607086641477,AQUA GOLD M 75ML SP+TUAL.VODA ,BPZ - BANDED PACKS,AQUA (PROFI PARFUM/PUSHKINO),PROFI PARFUM/PUSHKINO,Active
221476264,4620018870639,COMPLIMENT HARMONY N1050 (SRG200ML+BCR200ML) ,BPZ - BANDED PACKS,COMPLIMENT (TIMEKS KOSMETIK/MOSKVA),TIMEKS KOSMETIK/MOSKVA,Active
203541481,4605922033837,AXE ISPYTAY UDACHU (SRG USG 250ML+DEO USG 150ML),BPZ - BANDED PACKS,AKS (ARNEST/UNIRUS),ARNEST/UNIRUS,Active
68020725,4607967672699,CAFE MIMI PRYANIY APEL`SIN(BCR110+CPC) ,BPZ - BANDED PACKS,CAFE MIMI (GRINKOSMETIK GRUPP/MOSKVA),GRINKOSMETIK GRUPP/MOSKVA,Active
174940811,4602159021927,LOVE IS.(5XLPS 4.2G) ,BPZ - BANDED PACKS,LOVE IS... (GALANT KOSMETIK/MOSKVA),GALANT KOSMETIK/MOSKVA,Active
214704648,4607030353517,BURYONKA CLUB (2CHK MANCHG.125+PARM.125+CPC ANTIPASTI 260) ,BPZ - BANDED PACKS,BURYONKA CLUB (MARKET LAYN/SPB),MARKET LAYN/SPB,Active
20158250,4607004890888,HOCHLAND KOL.SY.TIL.&MA.HP2X175+CRD FREE ,BPZ - BANDED PACKS,UNABLE TO SEGMENT,UNABLE TO SEGMENT,Active
21826701,4620010791604,GEO WORLD OF SPA BODY KOFEYN(BCR+2XSOL`) ,BPZ - BANDED PACKS,GEO (TIMEKS KOSMETIK/MOSKVA),TIMEKS KOSMETIK/MOSKVA,Active
192722395,4605922032250,CLEAR+REXONA SPORT KOLLEKTSIYA (SHM200ML+SRG180ML),BPZ - BANDED PACKS,UNABLE TO SEGMENT (ARNEST/UNIRUS),ARNEST/UNIRUS,Active
58540150,4620031243489,DYMOV (3XAER BRAUNSH 0.3+ITAL`YANSK SALYAMI 0.3+ZERNIST 0.3) ,BPZ - BANDED PACKS,DYMOV,DYMOV GK,Active
223878821,4605922039686,CAMAY+BARKH.RUCHKI KRASOTA I UKHOD(SRG ROM.250+HAC SMYAG.80),BPZ - BANDED PACKS,UNABLE TO SEGMENT (ARNEST/UNIRUS),ARNEST/UNIRUS,Active
204338261,4605966020442,SHAUMA+FA KIDS SKAZOCHNIY D/MAL.PRINTSESS(SHM350ML+SRG250ML) ,BPZ - BANDED PACKS,UNABLE TO SEGMENT (LAB INDUSTRIES/MOSKVA),LAB INDUSTRIES/MOSKVA,Active
24231481,4605922311683,LESN.BALZAM (MTH DUB 250M+TTH DUB 50MFR ,BPZ - BANDED PACKS,NA,NA,Active
41269460,4607075002937,SILCAMED DOROZHNIY(TTH FAMILY 30GR+TBR DOR.PLUYS) ,BPZ - BANDED PACKS,SILCAMED (DENTAL KOSMETIK),DENTAL KOSMETIK,Active
23705353,4607034472948,ROCS KIDS (TTH 45GR + TBR) ,BPZ - BANDED PACKS,NA,NA,Active
223889029,3666708004244,VIVIENNE SABO (2XEMC CAB.PREM.01+CAB.LEG.NOIR 01),BPZ - BANDED PACKS,VIVIENNE SABO,VIVIENNE COSMETICS,Active
146894285,4602159021699,TRI KOTA (2XSRGX250ML HB+BATH) ,BPZ - BANDED PACKS,TRI KOTA (GALANT KOSMETIK/MOSKVA),GALANT KOSMETIK/MOSKVA,Active
24264867,4605246010958,PRINC.NOORI VYG.33% 3XTEA 25TB(BER+YAG+L ,BPZ - BANDED PACKS,NA,NA,Active
75895023,4005800302015,NIVEA MEN KLASSICH(SRG ARCT.OCEAN250+DEO CH.I B.NEV.FRESH50) ,BPZ - BANDED PACKS,NIVEA MEN (BEIERSDORF),BEIERSDORF,Active
57448956,3086123568396,BIC SOLEIL CLIC SENSITIVE (RAZ+BLD 3C) ,BPZ - BANDED PACKS,BIC (VIOLEX BIC),VIOLEX BIC,Active
69798167,3700971340569,VIVIENNE SABO(EMC CABAR.01+ELN MERCI 301) ,BPZ - BANDED PACKS,VIVIENNE SABO,VIVIENNE COSMETICS,Active
22164745,4005808554935,NIVEA (SRG MOL&ABR.250+HAC ZATSH.75 FR) ,BPZ - BANDED PACKS,NIVEA (BEIERSDORF),BEIERSDORF,Active
44850334,3700971314546,VIVIENNE SABO(BRO COUP DE GENIE 001+KMM FIXAT.02 50%) ,BPZ - BANDED PACKS,VIVIENNE SABO,VIVIENNE COSMETICS,Active
168535204,3609680217868,SODA #HAPPYHANDS (3XHACX10) ,BPZ - BANDED PACKS,SODA (PL L`ETUAL`),PL L`ETUAL`,Active
69635803,4630049643706,COMPLIMENT MEN FOR REST N1920(SHM HB200+MFR B80) ,BPZ - BANDED PACKS,COMPLIMENT (TIMEKS KOSMETIK/MOSKVA),TIMEKS KOSMETIK/MOSKVA,Active
58261464,4630049640019,COMPLIMENT VEGAN CAFE N1600(FS+HAC+BCR) ,BPZ - BANDED PACKS,COMPLIMENT (TIMEKS KOSMETIK/MOSKVA),TIMEKS KOSMETIK/MOSKVA,Active
44784965,4640001814266,BOTAVIKOS ENERGY TRAVEL KIT(50XSHM+HCR+SRG+CPC) ,BPZ - BANDED PACKS,BOTAVIKOS (BOTANIKA/MOSKVA),BOTANIKA/MOSKVA,Active
87498455,4640145082415,LISS KROULLY WN-2204(2XHACX75 C+MC) ,BPZ - BANDED PACKS,LISS KROULLY (LISS KROULLY LLP/GREAT BRITAIN),LISS KROULLY LLP/GREAT BRITAIN,Active
215883517,4610262604746,DILLIGEN ENERGY (SHP FO200ML+MFR LO150ML) ,BPZ - BANDED PACKS,DILLIGEN (PL DROGERY SOYUZ),PL DROGERY SOYUZ,Active
207211815,4630234043731,ROYAL FLOWERS D/SAMYKH NEZHN. OB`YATIY (2XHAX24ML) ,BPZ - BANDED PACKS,ROYAL FLOWERS (GLOBAL BIO COSMETIC/MOSKVA),GLOBAL BIO COSMETIC/MOSKVA,Active
99715497,4630039749029,LARUN SWEET LINE 2V1 RASPBERRY PUNCH(HAC75ML+BCR100ML) ,BPZ - BANDED PACKS,LARUN (PL DROGERY SOYUZ),PL DROGERY SOYUZ,Active
151895005,4630049647568,TIM BRIZ SVEZHEST` (SHP C75ML+MFR G75ML) ,BPZ - BANDED PACKS,TIM BRIZ (TIMEKS KOSMETIK/MOSKVA),TIMEKS KOSMETIK/MOSKVA,Active
67017101,4650056491251,DEONICA DELICATE 3(RAZ+BLD1C) HOLDER FREE,BPZ - BANDED PACKS,DEONICA (ARNEST/ARNEST),ARNEST/ARNEST,Active
68960222,4752171006935,SOLNTSE I LUNA SUPER CAR D/MAL`CHIKOV(200XSHM+SRG) ,BPZ - BANDED PACKS,SOLNTSE I LUNA (COTTON CLUB),COTTON CLUB,Active
87668571,4650056498328,DEONICA AKTIVNAYA ZATSHITA FOR MEN(SRG250+DEO200),BPZ - BANDED PACKS,DEONICA (ARNEST/ARNEST),ARNEST/ARNEST,Active
152240520,4630121106778,LAB BIOME GIALURON AKTIV(FW L200ML+FS YMZ 60PCS) ,BPZ - BANDED PACKS,LAB BIOME (NATURA SIBERICA/MOSKVA),NATURA SIBERICA/MOSKVA,Active
76894008,4607967675515,KAFE KRASOTY TSVETNYE ISTORII(SOA80+CPC) ,BPZ - BANDED PACKS,KAFE KRASOTY (GRINKOSMETIK GRUPP/MOSKVA),GRINKOSMETIK GRUPP/MOSKVA,Active
85942018,4640130794187,MEGAMONSTERS MEGA EKSTRIM(SHM300+SRG300) ,BPZ - BANDED PACKS,MEGAMONSTERS (BIG/MOSKVA),BIG/MOSKVA,Active
208461146,4640033441201,ANGEL LOVE N3 (SRG150ML+BCR60ML+HAC60ML) ,BPZ - BANDED PACKS,ANGEL LOVE (KOSMEYA/MOSKVA),KOSMEYA/MOSKVA,Active
223870947,4610427791243,AURA MEN (SRG 3V1 250ML+SHP G150ML),BPZ - BANDED PACKS,AURA (COTTON CLUB),COTTON CLUB,Active
211853450,4610262605705,ZOOMING IN PROGRESS EVOLUTION (SRG250ML+SHP200ML) ,BPZ - BANDED PACKS,ZOOMING IN PROGRESS (PL DROGERY SOYUZ),PL DROGERY SOYUZ,Active
44783769,4640001814273,BOTAVIKOS RECOVERY TRAVEL KIT(50XSHM+HCR+SRG+CPC) ,BPZ - BANDED PACKS,BOTAVIKOS (BOTANIKA/MOSKVA),BOTANIKA/MOSKVA,Active
172847983,4650244514243,FAMILY COSMETICS DRAGON FLAME(SRG15ML0+MFR150ML) ,BPZ - BANDED PACKS,FAMILY COSMETICS (FEMILI KOSMETIK/MOSKVA),FEMILI KOSMETIK/MOSKVA,Active
23435151,4620010794957,COMPLIMENT HAMAM SECRET N129(SHM+HCR) ,BPZ - BANDED PACKS,NA,NA,Active
49132944,4620018875870,PRO BARBER SHOP KIPARIS I VETIVER F/MEN (SHM320 + CPC) ,BPZ - BANDED PACKS,PRO BARBER SHOP (TIMEKS KOSMETIK/MOSKVA),TIMEKS KOSMETIK/MOSKVA,Active
76899314,4640130791537,GONKI KRUTYE VIRAZHI(SHM300+SRG300) ,BPZ - BANDED PACKS,GONKI (BIG/MOSKVA),BIG/MOSKVA,Active
41004798,4620018872824,COMPLIMENT PONY LITTLE STAR N1170(250XSHM+SRG+CPC) ,BPZ - BANDED PACKS,COMPLIMENT (TIMEKS KOSMETIK/MOSKVA),TIMEKS KOSMETIK/MOSKVA,Active
90144679,4630056269289,H2ORIZONT GREEN ARCTIC(SHM500+MFR150) ,BPZ - BANDED PACKS,H2ORIZONT (FEMILI KOSMETIK/MOSKVA),FEMILI KOSMETIK/MOSKVA,Active
145129515,4650244512089,FAMILY COSMETICS RADUZHNYE MECHTY(SHM150ML+SRG150ML) ,BPZ - BANDED PACKS,FAMILY COSMETICS (FEMILI KOSMETIK/MOSKVA),FEMILI KOSMETIK/MOSKVA,Active
90544618,4640145081746,LISS KROULLY NY-2201(2XSRGX260 CD+BATH) ,BPZ - BANDED PACKS,LISS KROULLY (LISS KROULLY LLP/GREAT BRITAIN),LISS KROULLY LLP/GREAT BRITAIN,Active
152239781,4630121106785,LAB BIOME BALANCE BEZ FIL`TROV(2XFW G-FO75ML+T200ML) ,BPZ - BANDED PACKS,LAB BIOME (NATURA SIBERICA/MOSKVA),NATURA SIBERICA/MOSKVA,Active
69437806,4630049645144,COMPLIMENT KIDS SPORTCAR #1 N1169(200XSHM+SRG+CPC FR) ,BPZ - BANDED PACKS,COMPLIMENT (TIMEKS KOSMETIK/MOSKVA),TIMEKS KOSMETIK/MOSKVA,Active
57318320,4620018879786,COMPLIMENT DELIC.BEAU.SHAKE APEL.FRESH N1561(SRG250+CPC) ,BPZ - BANDED PACKS,COMPLIMENT (TIMEKS KOSMETIK/MOSKVA),TIMEKS KOSMETIK/MOSKVA,Active
76721338,4640130791520,PRINTSESSA VOLSHEBNAYA ISTORIYA(SHM300+CPC) ,BPZ - BANDED PACKS,PRINTSESSA (BIG/MOSKVA),BIG/MOSKVA,Active
207240014,4610262605408,LARUN SOFT HANDS (2XHACX75ML) ,BPZ - BANDED PACKS,LARUN (PL DROGERY SOYUZ),PL DROGERY SOYUZ,Active
77396709,4630056266769,MINI ME YAGODNYE FANTAZII(SHM 500+TTH 75) ,BPZ - BANDED PACKS,MINI ME (FEMILI KOSMETIK/MOSKVA),FEMILI KOSMETIK/MOSKVA,Active
211866765,4610262604753,DILLIGEN ORIGINAL (SHP FO200ML+MFR B150ML) ,BPZ - BANDED PACKS,DILLIGEN (PL DROGERY SOYUZ),PL DROGERY SOYUZ,Active
40358298,4620018873906,COMPLIMENT VESYOLIY ZOOPARK N1093(SHM+SRG+CPC) ,BPZ - BANDED PACKS,COMPLIMENT (TIMEKS KOSMETIK/MOSKVA),TIMEKS KOSMETIK/MOSKVA,Active
211867828,4610117504191,RETSEPTY BABUSHKI AGAF`I SILA KEDRA(SHM300ML+SRG300ML) ,BPZ - BANDED PACKS,RETSEPTY BABUSHKI AGAF`I (NATURA SIBERICA/MOSKVA),NATURA SIBERICA/MOSKVA,Active
76532523,4640030848492,VIKING EXTREME POWER(SHM300+SRG300) ,BPZ - BANDED PACKS,VIKING (RUSSKAYA KOSMETIKA/ODINTSOVO MOSK.OBL.),RUSSKAYA KOSMETIKA/ODINTSOVO MOSK.OBL.,Active
70059477,4630049644260,COMPLIMENT PRO ENERGY N1942(SRG250+CPC+CPC FR) ,BPZ - BANDED PACKS,COMPLIMENT (TIMEKS KOSMETIK/MOSKVA),TIMEKS KOSMETIK/MOSKVA,Active
76762530,4607953913348,COMPLIMENT BEAUTY BOX ROZOVIY FLAMINGO N1342(FW+SRG+BCR) ,BPZ - BANDED PACKS,COMPLIMENT (TIMEKS KOSMETIK/MOSKVA),TIMEKS KOSMETIK/MOSKVA,Active
47706616,4620018877317,COMPLIMENT ORIGINAL JUICE MANGO GREYPFRUT (SOA320 + HAC100) ,BPZ - BANDED PACKS,COMPLIMENT (TIMEKS KOSMETIK/MOSKVA),TIMEKS KOSMETIK/MOSKVA,Active
220715555,4690327148316,ART-VISAGE LUCHSHE VMESTE (EMC CHICAGO+KMM FIX&CARE) ,BPZ - BANDED PACKS,ART-VISAGE (ART-VIZAZH HOLDING/MOSKVA),ART-VIZAZH HOLDING/MOSKVA,Active
210333859,4610262605712,ZOOMING IN PROGRESS POWER BOX (SRG250ML+DEO150ML+CPC) ,BPZ - BANDED PACKS,ZOOMING IN PROGRESS (PL DROGERY SOYUZ),PL DROGERY SOYUZ,Active
93020360,4650056498373,MOYA PRELEST VOLSHEBNYE PRIKLYUCHENIYA(SHM250+SRG200),BPZ - BANDED PACKS,MOYA PRELEST (ARNEST/ARNEST),ARNEST/ARNEST,Active
95272491,4630039748763,DILLIGEN ENERGY(SHP100ML+MFR150ML) ,BPZ - BANDED PACKS,DILLIGEN (PL DROGERY SOYUZ),PL DROGERY SOYUZ,Active
47873368,4620018876860,OCEAN EXTREME EKSTREM.ZATSHITA (SRG 200 + MFR 80) ,BPZ - BANDED PACKS,OCEAN EXTREME (TIMEKS KOSMETIK/MOSKVA),TIMEKS KOSMETIK/MOSKVA,Active
147047922,4630039536445,ORGANIC SHOP FRESH DRAGON FRUIT(SRG200ML+BCR200ML) ,BPZ - BANDED PACKS,ORGANIC SHOP (NATURA SIBERICA/MOSKVA),NATURA SIBERICA/MOSKVA,Active
87498923,4640145082002,LISS KROULLY MN-2201(SHM HB 260+SHP 75) ,BPZ - BANDED PACKS,LISS KROULLY (LISS KROULLY LLP/GREAT BRITAIN),LISS KROULLY LLP/GREAT BRITAIN,Active
68884454,4630049643188,COMPLIMENT ORIGINAL JUICE GRANAT(SOA320 + HAC100) ,BPZ - BANDED PACKS,COMPLIMENT (TIMEKS KOSMETIK/MOSKVA),TIMEKS KOSMETIK/MOSKVA,Active
93469872,4630039748732,DILLIGEN OCEAN POWER(SHM250+SRG250) ,BPZ - BANDED PACKS,DILLIGEN (PL DROGERY SOYUZ),PL DROGERY SOYUZ,Active
89090131,4650244512249,FAMILY COSMETICS DLYA ZHARKIKH OB`YATIY(2XHACX100ML) ,BPZ - BANDED PACKS,FAMILY COSMETICS (FEMILI KOSMETIK/MOSKVA),FEMILI KOSMETIK/MOSKVA,Active
46525170,4620018876808,COMPLIMENT HIS STORY STONE N1431(320XSHM+SRG) ,BPZ - BANDED PACKS,COMPLIMENT (TIMEKS KOSMETIK/MOSKVA),TIMEKS KOSMETIK/MOSKVA,Active
24892750,4640011155441,VIKING DUKH SEVERA(300XSHM+SRG) ,BPZ - BANDED PACKS,NA,NA,Active
58153043,4630049640118,COMPLIMENT KIDS MEGA MONSTERS (SRG+CPC) ,BPZ - BANDED PACKS,COMPLIMENT (TIMEKS KOSMETIK/MOSKVA),TIMEKS KOSMETIK/MOSKVA,Active
89557767,4630039748947,LARUN NEZHNIY SHYOLK(SRG300+SOA300) ,BPZ - BANDED PACKS,LARUN (PL DROGERY SOYUZ),PL DROGERY SOYUZ,Active
88031772,4640145081739,LISS KROULLY NY-2202(2XSRGX260 CD+BATH) ,BPZ - BANDED PACKS,LISS KROULLY (LISS KROULLY LLP/GREAT BRITAIN),LISS KROULLY LLP/GREAT BRITAIN,Active
33116042,4620018870028,COMPLIMENT TRADIT.OF SPA ROS.UVL.N1026(200XSRG+BCR) ,BPZ - BANDED PACKS,COMPLIMENT (TIMEKS KOSMETIK/MOSKVA),TIMEKS KOSMETIK/MOSKVA,Active
47840114,4620018876952,AMSTERDAM F/MEN (320XSHM + SRG) ,BPZ - BANDED PACKS,AMSTERDAM (TIMEKS KOSMETIK/MOSKVA),TIMEKS KOSMETIK/MOSKVA,Active
47852628,4620018877010,COMPLIMENT HELLO TROPIC FLOWERS N1401(SRG200+HAC80) ,BPZ - BANDED PACKS,COMPLIMENT (TIMEKS KOSMETIK/MOSKVA),TIMEKS KOSMETIK/MOSKVA,Active
47889601,4620018873128,BARBERSHOP (SHM GREYPFR.HB 320+SHP ALOE G100) ,BPZ - BANDED PACKS,BARBERSHOP (TIMEKS KOSMETIK/MOSKVA),TIMEKS KOSMETIK/MOSKVA,Active
209292279,4640145087212,LISS KROULLY NG-2409 (2XSRGX260ML CD+BATH) ,BPZ - BANDED PACKS,LISS KROULLY (LISS KROULLY LLP/GREAT BRITAIN),LISS KROULLY LLP/GREAT BRITAIN,Active
87575928,4640145082125,LISS KROULLY MN-2205(SHM260+SHP75) ,BPZ - BANDED PACKS,LISS KROULLY (LISS KROULLY LLP/GREAT BRITAIN),LISS KROULLY LLP/GREAT BRITAIN,Active
219931462,4650358450628,MIXIT EYES NEVER LIE (2XEMC FOXY EYES EFFECT+GLAM DOLL LASH) ,BPZ - BANDED PACKS,MIXIT (MIKSIT/MOSKVA),MIKSIT/MOSKVA,Active
78190021,4650056494924,DEONICA AKTIVNAYA ZATSHITA (SHP240+DEO200),BPZ - BANDED PACKS,DEONICA (ARNEST/ARNEST),ARNEST/ARNEST,Active
75838848,4620018879731,COMPLIMENT SPA & BEAUTY BERG.&VAN.N1630(2XHAC+CPC) ,BPZ - BANDED PACKS,COMPLIMENT (TIMEKS KOSMETIK/MOSKVA),TIMEKS KOSMETIK/MOSKVA,Active
84055738,4630039745588,LARUN EXOTIC HAND CARE(3XHACX30ML) ,BPZ - BANDED PACKS,LARUN (PL DROGERY SOYUZ),PL DROGERY SOYUZ,Active
47755815,4620018876099,COMPLIMENT MY CANDY LOVE LONDON (SRG 250 + BCR 200 + CPC) ,BPZ - BANDED PACKS,COMPLIMENT (TIMEKS KOSMETIK/MOSKVA),TIMEKS KOSMETIK/MOSKVA,Active
21826700,4620010791611,GEO WORLD OF SPA BODY APELS.(BCR+2XSOL`) ,BPZ - BANDED PACKS,GEO (TIMEKS KOSMETIK/MOSKVA),TIMEKS KOSMETIK/MOSKVA,Active
72586675,4620039171401,ALOE EXTRA DENT+VILSEN BRUSH VOYAZH(TTH30+TBR SKLADNAYA M) ,BPZ - BANDED PACKS,UNABLE TO SEGMENT (VILSEN GROUP),VILSEN GROUP,Active
156901134,4640145084693,LISS KROULLY WN-2312 (2XHACX75ML C+MC) ,BPZ - BANDED PACKS,LISS KROULLY (LISS KROULLY LLP/GREAT BRITAIN),LISS KROULLY LLP/GREAT BRITAIN,Active
76889188,4607967675508,KAFE KRASOTY KOKOSOVIY OSTROV(SOA80+CPC) ,BPZ - BANDED PACKS,KAFE KRASOTY (GRINKOSMETIK GRUPP/MOSKVA),GRINKOSMETIK GRUPP/MOSKVA,Active
92107608,4630039748688,ZOOMING IN PROGRESS ICE(SRG250+DEO150) ,BPZ - BANDED PACKS,ZOOMING IN PROGRESS (PL DROGERY SOYUZ),PL DROGERY SOYUZ,Active
103020480,4650244512270,FAMILY COSMETICS ROYAL CARE(2XHACX100ML) ,BPZ - BANDED PACKS,FAMILY COSMETICS (FEMILI KOSMETIK/MOSKVA),FEMILI KOSMETIK/MOSKVA,Active
41824191,4620018873074,COMPLIMENT SOFT CARE KIT (100XSHP+MFR) ,BPZ - BANDED PACKS,COMPLIMENT (TIMEKS KOSMETIK/MOSKVA),TIMEKS KOSMETIK/MOSKVA,Active
79318053,4630049644277,COMPLIMENT PRO ENERGY N1940(SRG250+CPC+CPC FR) ,BPZ - BANDED PACKS,COMPLIMENT (TIMEKS KOSMETIK/MOSKVA),TIMEKS KOSMETIK/MOSKVA,Active
77396734,4607953913119,COMPLIMENT SUPERHERO KIDS N1907(SHM200+SRG200+CPC FR) ,BPZ - BANDED PACKS,COMPLIMENT (TIMEKS KOSMETIK/MOSKVA),TIMEKS KOSMETIK/MOSKVA,Active
94890123,4630039748930,LARUN DAILY HAND CARE(2XHACX40ML NOUR+PROT) ,BPZ - BANDED PACKS,LARUN (PL DROGERY SOYUZ),PL DROGERY SOYUZ,Active
92107699,4630039748695,ZOOMING IN PROGRESS SENSITIVE(SHP200+MFR150) ,BPZ - BANDED PACKS,ZOOMING IN PROGRESS (PL DROGERY SOYUZ),PL DROGERY SOYUZ,Active
210349157,4610262605682,ZOOMING IN PROGRESS BLUE ICE (SRG250ML+DEO150ML) ,BPZ - BANDED PACKS,ZOOMING IN PROGRESS (PL DROGERY SOYUZ),PL DROGERY SOYUZ,Active
208542191,4650358451915,MIXIT LAB WOW MOISTURE EKSTRAUVLAZHNENIE (FCR40ML+FW150ML) ,BPZ - BANDED PACKS,MIXIT LAB (MIKSIT/MOSKVA),MIKSIT/MOSKVA,Active
58407064,4630049640996,COMPLIMENT FLEUR BOUTIQUE(SRG B200+2XCPC) ,BPZ - BANDED PACKS,COMPLIMENT (TIMEKS KOSMETIK/MOSKVA),TIMEKS KOSMETIK/MOSKVA,Active
41037460,4640011159371,TROLLS N1(300XSHM 2V1 + SRG) ,BPZ - BANDED PACKS,TROLLS (RUSSKAYA KOSMETIKA/ODINTSOVO MOSK.OBL.),RUSSKAYA KOSMETIKA/ODINTSOVO MOSK.OBL.,Active
85999919,4752171015142,MIRYOKU FACE CARE 3 SET(FCR50+2XFS S50+MC50) ,BPZ - BANDED PACKS,MIRYOKU (COTTON CLUB),COTTON CLUB,Active
76459989,4752171011069,MEN CODE FRESH CARE SET(SHM ANTI DAND.300+SRG SP.IMP.300) ,BPZ - BANDED PACKS,MEN CODE (COTTON CLUB),COTTON CLUB,Active
92260480,4630039748954,LARUN THERAPY BODY & HAND CARE(SRG300+HAC40) ,BPZ - BANDED PACKS,LARUN (PL DROGERY SOYUZ),PL DROGERY SOYUZ,Active
85573358,4752171014114,AURA VITAMIN MIX(SRG 250+HAC PIT.75) ,BPZ - BANDED PACKS,AURA (COTTON CLUB),COTTON CLUB,Active
41584779,4620018873012,TIM BRIZ COOL MOTION OKHL.EFFEKT (75XSHP C + MFR C) ,BPZ - BANDED PACKS,TIM BRIZ (TIMEKS KOSMETIK/MOSKVA),TIMEKS KOSMETIK/MOSKVA,Active
156898989,4680180399079,LARUN OLIVE & NEROLI(SRG300ML+HAC40ML) ,BPZ - BANDED PACKS,LARUN (PL DROGERY SOYUZ),PL DROGERY SOYUZ,Active
177577316,4680180399420,DILLIGEN RATIONAL (RAZ+20BLD+5BLD FREE) ,BPZ - BANDED PACKS,DILLIGEN (PL DROGERY SOYUZ),PL DROGERY SOYUZ,Active
205888920,4640286992918,BEAUTY DESSERTS HAPPY HOLIDAY N122(BCR230ML+CPC) ,BPZ - BANDED PACKS,BEAUTY DESSERTS (GLOBAL BIO COSMETIC/MOSKVA),GLOBAL BIO COSMETIC/MOSKVA,Active
209536298,4640286993168,BEAUTY DESSERTS HAPPY HOLIDAY N131 (BCR230ML+CPC) ,BPZ - BANDED PACKS,BEAUTY DESSERTS (GLOBAL BIO COSMETIC/MOSKVA),GLOBAL BIO COSMETIC/MOSKVA,Active
90063062,4630056269302,H2ORIZONT OCEAN BREATH(SRG500+MFR150) ,BPZ - BANDED PACKS,H2ORIZONT (FEMILI KOSMETIK/MOSKVA),FEMILI KOSMETIK/MOSKVA,Active
69618249,4640020878720,NEW CODE VZRYV ENERGII(250XSHM 2V1+SRG) ,BPZ - BANDED PACKS,NEW CODE (SCENT GK/KIROV),SCENT GK/KIROV,Active
148644010,4680019159454,RETSEPTY BABUSHKI AGAF`I KEDROVIY GRIL`YAZH(HAC50+BCR F50) ,BPZ - BANDED PACKS,RETSEPTY BABUSHKI AGAF`I (NATURA SIBERICA/MOSKVA),NATURA SIBERICA/MOSKVA,Active
207889889,4640145087182,LISS KROULLY NG-2405 (2XHACX75ML) ,BPZ - BANDED PACKS,LISS KROULLY (LISS KROULLY LLP/GREAT BRITAIN),LISS KROULLY LLP/GREAT BRITAIN,Active
151162624,4680019159430,RETSEPTY BABUSHKI AGAF`I KHRUST.SHKATULKA(FCR50ML+FS50ML) ,BPZ - BANDED PACKS,RETSEPTY BABUSHKI AGAF`I (NATURA SIBERICA/MOSKVA),NATURA SIBERICA/MOSKVA,Active
57918776,4620018879892,COMPLIMENT #INSTA GIRL N1810(200SHM+SRG+CPC FR) ,BPZ - BANDED PACKS,COMPLIMENT (TIMEKS KOSMETIK/MOSKVA),TIMEKS KOSMETIK/MOSKVA,Active
209445785,4610117504030,ORGANIC SHOP POWER OF ICE (SHM200ML+MFR100ML) ,BPZ - BANDED PACKS,ORGANIC SHOP (NATURA SIBERICA/MOSKVA),NATURA SIBERICA/MOSKVA,Active
69717124,4640020878737,NEW CODE ZARYAD SVEZHESTI(250XSHM 2V1+SRG) ,BPZ - BANDED PACKS,NEW CODE (SCENT GK/KIROV),SCENT GK/KIROV,Active
88717010,4630039748671,ZOOMING IN PROGRESS EVOLUTION(SHM250+SRG250) ,BPZ - BANDED PACKS,ZOOMING IN PROGRESS (PL DROGERY SOYUZ),PL DROGERY SOYUZ,Active
58460120,4620039172705,VILSEN FOR MEN ZATSHITNIK (SHP+MFR) ,BPZ - BANDED PACKS,VILSEN (VILSEN GROUP),VILSEN GROUP,Active
91862447,4630039748725,ZOOMING IN PROGRESS REGENERATION(SHP200+MFR80) ,BPZ - BANDED PACKS,ZOOMING IN PROGRESS (PL DROGERY SOYUZ),PL DROGERY SOYUZ,Active
151234615,4610262600038,LARUN YOUR STRAWBERRY DREAMS(BCR100ML+SRG250ML) ,BPZ - BANDED PACKS,LARUN (PL DROGERY SOYUZ),PL DROGERY SOYUZ,Active
94400476,4650244512041,FAMILY COSMETICS D/CHUDESNOY DEVOCHKI(SHM150+SRG150) ,BPZ - BANDED PACKS,FAMILY COSMETICS (FEMILI KOSMETIK/MOSKVA),FEMILI KOSMETIK/MOSKVA,Active
88061700,4640145083054,LISS KROULLY MN-2206(SHM HB 260+SHP 75) ,BPZ - BANDED PACKS,LISS KROULLY (LISS KROULLY LLP/GREAT BRITAIN),LISS KROULLY LLP/GREAT BRITAIN,Active
40113484,4690214206068,GARNIER CH.KOZHA (FS 3V1 150 + FW MITS.VODA 400) VT.FR ,BPZ - BANDED PACKS,GARNIER SKIN NATURALS (LOREAL/GARNIER LABORATORIES),LOREAL/GARNIER LABORATORIES,Active
88030506,4630039748664,ZOOMING IN PROGRESS CLEAN&TONUS(SHM250+SRG250) ,BPZ - BANDED PACKS,ZOOMING IN PROGRESS (PL DROGERY SOYUZ),PL DROGERY SOYUZ,Active
168119999,4607953917285,COMPLIMENT UVL.I PIT.D/RUK N2040(2XHACX75ML PIT+UVL) ,BPZ - BANDED PACKS,COMPLIMENT (TIMEKS KOSMETIK/MOSKVA),TIMEKS KOSMETIK/MOSKVA,Active
77220484,4752171011816,SOLNTSE I LUNA EKODOMIK D/PTSITS(SHM200+SRG200) ,BPZ - BANDED PACKS,SOLNTSE I LUNA (COTTON CLUB),COTTON CLUB,Active
33578728,4620018870103,TIMI V POISKAH SOKROVIT.(250MLXSHM+SRG+IGRA) ,BPZ - BANDED PACKS,TIMI (TIMEKS KOSMETIK/MOSKVA),TIMEKS KOSMETIK/MOSKVA,Active
153515833,4610262600014,LARUN DOUBLE MANGO(BCR100ML+HAC75ML) ,BPZ - BANDED PACKS,LARUN (PL DROGERY SOYUZ),PL DROGERY SOYUZ,Active
207122658,4610262604760,ZOOMING IN PROGRESS SENSITIVE (SHP FO200ML+MFR B150ML) ,BPZ - BANDED PACKS,ZOOMING IN PROGRESS (PL DROGERY SOYUZ),PL DROGERY SOYUZ,Active
146966127,4607953917278,COMPLIMENT COCO OIL (SHM200ML+HCR200ML) ,BPZ - BANDED PACKS,COMPLIMENT (TIMEKS KOSMETIK/MOSKVA),TIMEKS KOSMETIK/MOSKVA,Active
223865539,4610427791090,AURA (2HACX30),BPZ - BANDED PACKS,AURA (COTTON CLUB),COTTON CLUB,Active
223856877,4610427791175,LURE FORMULA ZABOTY (2XHACX75),BPZ - BANDED PACKS,LURE (COTTON CLUB),COTTON CLUB,Active
85547031,4752171014053,LURE! DELICATE TOUCH (2XHACX75 COMPL.CARE+ALOE VERA) ,BPZ - BANDED PACKS,LURE! (COTTON CLUB),COTTON CLUB,Active
94772624,4650244512003,FAMILY COSMETICS HAPPY TRAILS(SHM150+SRG150) ,BPZ - BANDED PACKS,FAMILY COSMETICS (FEMILI KOSMETIK/MOSKVA),FEMILI KOSMETIK/MOSKVA,Active
223873413,4610262613465,CEDRA GIFT SET (2XHAC75),BPZ - BANDED PACKS,CEDRA (PL DROGERY SOYUZ),PL DROGERY SOYUZ,Active
41636573,4630011457393,ANGEL LOVE N1(2XSRGX150 CD+BATH) ,BPZ - BANDED PACKS,ANGEL LOVE (KOSMEYA/MOSKVA),KOSMEYA/MOSKVA,Active
71079762,4630049643966,COMPLIMENT MORSKOE PRIKLYUCHENIE N1167(200XSHM+SRG+CPC FR) ,BPZ - BANDED PACKS,COMPLIMENT (TIMEKS KOSMETIK/MOSKVA),TIMEKS KOSMETIK/MOSKVA,Active
41038540,4620018873111,COMPLIMENT SOFT CARE KIT MAN ONLY N1293(SHM250+100XSHP+MFR) ,BPZ - BANDED PACKS,COMPLIMENT (TIMEKS KOSMETIK/MOSKVA),TIMEKS KOSMETIK/MOSKVA,Active
90546001,4630039748718,ZOOMING IN PROGRESS HYDRATING(SHP100+MFR150) ,BPZ - BANDED PACKS,ZOOMING IN PROGRESS (PL DROGERY SOYUZ),PL DROGERY SOYUZ,Active
175255294,4650244514205,FAMILY COSMETICS MARSHMALLOW (2XHACX100ML) ,BPZ - BANDED PACKS,FAMILY COSMETICS (FEMILI KOSMETIK/MOSKVA),FEMILI KOSMETIK/MOSKVA,Active
68793849,4607967672705,CAFE MIMI TSVETNOE NASTROENIE(BCR110+CPC) ,BPZ - BANDED PACKS,CAFE MIMI (GRINKOSMETIK GRUPP/MOSKVA),GRINKOSMETIK GRUPP/MOSKVA,Active
69693125,4650092457150,MEGAMONSTERS TIME HAS COME(300XSHM+SRG) ,BPZ - BANDED PACKS,MEGAMONSTERS (BIG/MOSKVA),BIG/MOSKVA,Active
204399269,4640145087229,LISS KROULLY NG-2410 (2XSRGX260ML CD+BATH) ,BPZ - BANDED PACKS,LISS KROULLY (LISS KROULLY LLP/GREAT BRITAIN),LISS KROULLY LLP/GREAT BRITAIN,Active
41947792,4670015723513,ASCANIA GREEN LEAF (SRG 125 + CPC) ,BPZ - BANDED PACKS,ASCANIA (BROCARD GROUP/GERMANY),BROCARD GROUP/GERMANY,Active
33794578,4640011157414,VIKING KIDS N2(CPC + SHM 300ML + SRG 300ML) ,BPZ - BANDED PACKS,VIKING (RUSSKAYA KOSMETIKA/ODINTSOVO MOSK.OBL.),RUSSKAYA KOSMETIKA/ODINTSOVO MOSK.OBL.,Active
67034434,4607967672743,CAFE MIMI SLADKIE GRYOZY(SOA 80+CPC) ,BPZ - BANDED PACKS,CAFE MIMI (GRINKOSMETIK GRUPP/MOSKVA),GRINKOSMETIK GRUPP/MOSKVA,Active
36567276,4620018871070,LYON N1066 F/MEN(320XSHM+SRG) ,BPZ - BANDED PACKS,LYON (TIMEKS KOSMETIK/MOSKVA),TIMEKS KOSMETIK/MOSKVA,Active
148570392,4640145084631,LISS KROULLY NG-2307(2XSRGX260ML CD+BATH) ,BPZ - BANDED PACKS,LISS KROULLY (LISS KROULLY LLP/GREAT BRITAIN),LISS KROULLY LLP/GREAT BRITAIN,Active
148109269,4650118441514,BEAUTERICA WINTER SPA N23(BCR200ML+SRG200ML) ,BPZ - BANDED PACKS,BEAUTERICA (KOSMEYA/MOSKVA),KOSMEYA/MOSKVA,Active
77255217,4630039745540,LUCERIA KRASOTA OT PRIRODY(2XHACX75ML) ,BPZ - BANDED PACKS,LUCERIA (PL DROGERY SOYUZ),PL DROGERY SOYUZ,Active
44785269,4640001814280,BOTAVIKOS HYDRA TRAVEL KIT(50XSHM+HCR+SRG+BCR) ,BPZ - BANDED PACKS,BOTAVIKOS (BOTANIKA/MOSKVA),BOTANIKA/MOSKVA,Active
156896481,4610116227008,MARUSSIA+MARUSYA ANANAS I AVOKADO(SOA300ML+HAC250ML) ,BPZ - BANDED PACKS,UNABLE TO SEGMENT (A ZET/MOSKOVSKAYA OBL.),A ZET/MOSKOVSKAYA OBL.,Active
76949436,4606453072821,ESTEL ROSSA(SHM250+HCR200+SRG150+BCR200) ,BPZ - BANDED PACKS,ESTEL (ESTEL/SANKT-PETERBURG),ESTEL/SANKT-PETERBURG,Active
76677474,4016369308295,LACALUT (TTH WHITE 75+TBR AKTIV MODEL CLUB M FR) ,BPZ - BANDED PACKS,LACALUT (DR.THEISS NATURWAREN/GERMANY),DR.THEISS NATURWAREN/GERMANY,Active
45430109,4600104036194,DOCKLAND SENSITIVE (SHP G200ML+MFR B75ML),BPZ - BANDED PACKS,DOCKLAND (ARNEST/ARNEST),ARNEST/ARNEST,Active
71381814,4606453068381,ESTEL PROF.COUTURE LUXURY SHINE(SHM300+2XHCR 200+50) ,BPZ - BANDED PACKS,ESTEL PROFESSIONAL (ESTEL/SANKT-PETERBURG),ESTEL/SANKT-PETERBURG,Active
142608705,0110027406294,SYNERGETIC (3XDSL SPM 500ML YABLOKO+BABY+LIMON) ,BPZ - BANDED PACKS,SYNERGETIC (SYNERGETIC/N.NOVGOROD),SYNERGETIC/N.NOVGOROD,Active
192539004,4670114710025,VILENTA 7 DAYS (5XFSX0.028L)4+1 FR ,BPZ - BANDED PACKS,VILENTA (SOFIS/MOSKVA),SOFIS/MOSKVA,Active
56706868,4665302180018,ECO SUGARING STANDARTNIY (DEP330+BCR+TLP+3XCPC) ,BPZ - BANDED PACKS,ECO SUGARING (EKOSTAYL/CHELYABINSK),EKOSTAYL/CHELYABINSK,Active
182063768,4630121107393,ICE PROFESSIONAL TAKE IT HOME AQUA CRUCH(SHM250ML+HCR250ML) ,BPZ - BANDED PACKS,ICE PROFESSIONAL (NATURA SIBERICA/MOSKVA),NATURA SIBERICA/MOSKVA,Active
69794792,4660048355980,ZEITUN IDEAL`NAYA GLADKOST`(150XSHP+MFR+CPC FR) ,BPZ - BANDED PACKS,ZEITUN (ZEYTUN/MOSKVA),ZEYTUN/MOSKVA,Active
86122339,4630055167289,AEVIT UKHOD PROTIV USTALOSTI(2XFWX200 G+T) ,BPZ - BANDED PACKS,AEVIT (ZELDIS GK/PODOLSK),ZELDIS GK/PODOLSK,Active
223403487,4620153251560,TIRINI SENSITIVE(SHP 200+MFR 200) ,BPZ - BANDED PACKS,TIRINI (TIRINI/MOSKVA),TIRINI/MOSKVA,Active
108161433,4630194642593,MIXIT RE:START KERATIN BOMB(SHM1L+HCR1L) ,BPZ - BANDED PACKS,MIXIT (MIKSIT/MOSKVA),MIKSIT/MOSKVA,Active
209446687,4650198611838,WELL ROOM (HSH500ML+STO500ML+CCL500ML+CPC FR) ,BPZ - BANDED PACKS,WELL ROOM (FORSAYT LAB/MOSKVA),FORSAYT LAB/MOSKVA,Active
142598421,4665315280200,ART&FACT.NABOR KISLOTNOGO PILINGA(2XFS 30ML+50ML) ,BPZ - BANDED PACKS,ART&FACT. (CARELY GROUP/MOSKVA),CARELY GROUP/MOSKVA,Active
104671191,4607971457718,SYNERGETIC BEAUTY D/RUK I NOG(2XBCR FX75L+4XHACX75ML) ,BPZ - BANDED PACKS,SYNERGETIC (SYNERGETIC/N.NOVGOROD),SYNERGETIC/N.NOVGOROD,Active
41602516,4627090992686,KAFE KRASOTY TSVETOCHNAYA FANTAZIYA(SOA80+CPC) ,BPZ - BANDED PACKS,KAFE KRASOTY (GRINKOSMETIK GRUPP/MOSKVA),GRINKOSMETIK GRUPP/MOSKVA,Active
46445982,4640001815201,BOTAVIKOS AROMATH.RELAX(200XSHM+HCR+BCR250+SOA100+LPS) ,BPZ - BANDED PACKS,BOTAVIKOS (BOTANIKA/MOSKVA),BOTANIKA/MOSKVA,Active
204472777,8700216601085,OLD SPICE WOLFTHORN (DEO150ML+SRG250ML) ,BPZ - BANDED PACKS,OLD SPICE (PROCTER & GAMBLE),PROCTER & GAMBLE,Active
207723322,8700216588973,GILLETTE MACH 3 (RAZ 1C+SHP KLAS.FO 50ML) ,BPZ - BANDED PACKS,GILLETTE (PROCTER & GAMBLE),PROCTER & GAMBLE,Active
210312620,4630121112205,ICE PROF.TAKE IT HOME KERATIN INJECTION (SHM250ML+HCR100ML) ,BPZ - BANDED PACKS,ICE PROFESSIONAL (NATURA SIBERICA/MOSKVA),NATURA SIBERICA/MOSKVA,Active
144600864,4600999057014,YA SAMAYA AROMA COLLECTION(SRG250ML+BCR100ML) ,BPZ - BANDED PACKS,YA SAMAYA (COTTON CLUB),COTTON CLUB,Active
223865555,4657830017195,NATUSANA (2XTTHX100ML BIO HERBAL+GUM PROTECTION),BPZ - BANDED PACKS,NATUSANA (DR.THEISS NATURWAREN/GERMANY),DR.THEISS NATURWAREN/GERMANY,Active
207775620,4640286990686,ONLY BIO+BEAUTY DESSERTS KOFEYNIY ENDORFIN N137(BCR230+CPC) ,BPZ - BANDED PACKS,UNABLE TO SEGMENT (GLOBAL BIO COSMETIC/MOSKVA),GLOBAL BIO COSMETIC/MOSKVA,Active
198200711,4680117415322,DELTA COSMETICS FOREST SPIRIT (SHM250ML+SRG250L) ,BPZ - BANDED PACKS,DELTA COSMETICS (DEL`TA PARFYUM/MOSKOVSKAYA OBL.),DEL`TA PARFYUM/MOSKOVSKAYA OBL.,Active
210256276,4680117415124,VEGAN.LOVE.STUDIO VANILLA AMBER & MUSK(SRG300ML+BCR150ML) ,BPZ - BANDED PACKS,VEGAN.LOVE.STUDIO (DEL`TA PARFYUM/MOSKOVSKAYA OBL.),DEL`TA PARFYUM/MOSKOVSKAYA OBL.,Active
174088123,4610082718838,EDEN FOR MEN POWER&BRUTALITY(SHM250ML+SRG250ML) ,BPZ - BANDED PACKS,EDEN (SCENT GK/KIROV),SCENT GK/KIROV,Active
204383212,4640145087090,LISS KROULLY WN-2402 (SRG260ML+HAC75ML) ,BPZ - BANDED PACKS,LISS KROULLY (LISS KROULLY LLP/GREAT BRITAIN),LISS KROULLY LLP/GREAT BRITAIN,Active
221266392,4640089152922,JUNGLE GREEN JAMAICA (SHM250ML + SRG250ML) ,BPZ - BANDED PACKS,JUNGLE GREEN (FESTIVA/MOSKVA),FESTIVA/MOSKVA,Active
223845533,4605922040682,KLIAR SPORT COLLECTION(SHM AKTIVSP.2V1 200+SRG AKV.SV.200),BPZ - BANDED PACKS,KLIAR (ARNEST/UNIRUS),ARNEST/UNIRUS,Active
200253287,6900100571032,CHISTOE SCHAST`E SAMOY KRASIVOY(SHM100ML+SRG100ML) ,BPZ - BANDED PACKS,CHISTOE SCHAST`E (SIMA-LEND/EKATERINBURG),SIMA-LEND/EKATERINBURG,Active
168168270,4630039536339,ORGANIC SHOP VITAMIN C (FS100+FW150) ,BPZ - BANDED PACKS,ORGANIC SHOP (NATURA SIBERICA/MOSKVA),NATURA SIBERICA/MOSKVA,Active
223841446,4605922040446,CHIST.LIN.BESTSELLER (FW100 + FS50),BPZ - BANDED PACKS,CHISTAYA LINIYA (ARNEST/UNIRUS),ARNEST/UNIRUS,Active
143424628,8720633011953,CHISTAYA LINIYA KIDS D/KUPANIYA(SHM520ML+SRG250ML),BPZ - BANDED PACKS,CHISTAYA LINIYA (ARNEST/UNIRUS),ARNEST/UNIRUS,Active
223860403,4605922039617,CAMAY+REKSONA(SRG DESIR 250ML+DEO PER.COL.PINK FLORA 150ML),BPZ - BANDED PACKS,UNABLE TO SEGMENT (ARNEST/UNIRUS),ARNEST/UNIRUS,Active
223840537,8006530107808,GILLETTE (RAZ MACH 3 +SHP KLAS.200),BPZ - BANDED PACKS,GILLETTE (PROCTER & GAMBLE),PROCTER & GAMBLE,Active
69732831,4680059330677,KLATZ GLAMOUR ONLY(3XTTHX75+TBR FR) ,BPZ - BANDED PACKS,KLATZ (SI AY DI GRUPP/MOSKVA),SI AY DI GRUPP/MOSKVA,Active
206764795,8700216618380,ORAL-B+VENUS (THB VITALITY PRO PROT.XCL.+RAZ SWIRL 1C) ,BPZ - BANDED PACKS,UNABLE TO SEGMENT (PROCTER & GAMBLE),PROCTER & GAMBLE,Active
208925225,4610117503897,ORGANIC SHOP SUPER GREEN (2XFW 200ML+100ML) ,BPZ - BANDED PACKS,ORGANIC SHOP (NATURA SIBERICA/MOSKVA),NATURA SIBERICA/MOSKVA,Active
208924216,4610117503859,ORGANIC SHOP THE OPTIMIST SKIN (2XFW 200ML+100ML) ,BPZ - BANDED PACKS,ORGANIC SHOP (NATURA SIBERICA/MOSKVA),NATURA SIBERICA/MOSKVA,Active
72621224,4606453069197,ESTEL SECRETS SIYANIE TSVETA(SHM250+HCR200+HST200) ,BPZ - BANDED PACKS,ESTEL (ESTEL/SANKT-PETERBURG),ESTEL/SANKT-PETERBURG,Active
207757374,4660222726346,DEONICA ZARYAD ENERGII (DEO50ML+SHP240ML),BPZ - BANDED PACKS,DEONICA (ARNEST/ARNEST),ARNEST/ARNEST,Active
223842220,4813406012463,FRUIT JAZZ (SRG400G+BCR250G),BPZ - BANDED PACKS,FRUIT JAZZ (BELIKA-M/MINSK),BELIKA-M/MINSK,Active
219960551,6900092284118,NASTOYATSHIY KOSMONAVT(SHP110ML+MFR+CPC) ,BPZ - BANDED PACKS,HARD LINE (SIMA-LEND/EKATERINBURG),SIMA-LEND/EKATERINBURG,Active
55037015,6900016927756,LUAZON (RAZ+BLD 3C) ,BPZ - BANDED PACKS,LUAZON (SIMA-LEND/EKATERINBURG),SIMA-LEND/EKATERINBURG,Active
64834161,64834161,ROYAL CANIN POMERANIAN (3XDOG A S 1.5KG +PA H 2X0.085KGFR) ,BPZ - BANDED PACKS,ROYAL CANIN (ROYAL CANIN/FRANCE),ROYAL CANIN/FRANCE,Active
101941566,4870205223537,AROMIKA SPA BEAUTY CRYSTAL(SHM300ML+SRG300ML) ,BPZ - BANDED PACKS,UNABLE TO SEGMENT (AROMIKA/KAZAKHSTAN),AROMIKA/KAZAKHSTAN,Active
102135770,4870007295183,FRESH OZONE(SHM300ML+SRG300ML) ,BPZ - BANDED PACKS,FRESH (AROMIKA/KAZAKHSTAN),AROMIKA/KAZAKHSTAN,Active
33630165,5060131413068,SKIN JUICE MYSTIC GARDEN PEONY&HYACINTH MG1601(2XSRG250) ,BPZ - BANDED PACKS,SKIN JUICE (LISS KROULLY LLP/GREAT BRITAIN),LISS KROULLY LLP/GREAT BRITAIN,Active
39851347,5013405650461,SUPER-MAX SWIFT 3(RAZ+BLD 3CO) ,BPZ - BANDED PACKS,SUPER-MAX (SUPER-MAX/INDIA),SUPER-MAX/INDIA,Active
151415004,4752171018730,SOLNTSE I LUNA NEON GLAMOUR(SHM250+SRG250) ,BPZ - BANDED PACKS,SOLNTSE I LUNA (COTTON CLUB),COTTON CLUB,Active
81237178,4680046271860,GOOD GIRL (SRG 250+P/V30) ,BPZ - BANDED PACKS,GOOD GIRL (ZELYONAYA MANUFAKTURA/MOSKVA),ZELYONAYA MANUFAKTURA/MOSKVA,Active
55566777,7613037022865,PRO PLAN DIG(3XCAT TU.1.5KG+LAM.SA.H85GFR+TUR.SA.H2X 85GFR) ,BPZ - BANDED PACKS,PRO PLAN (NESTLE),NESTLE,Active
53092555,4690214468589,LA ROCHE-POSAY LIPIKAR (BCR 400 + SRG 100 FR) ,BPZ - BANDED PACKS,LA ROCHE - POSAY (LOREAL/LA ROCHE - POSAY),LOREAL/LA ROCHE - POSAY,Active
64836761,64836761,ROYAL CANIN FAT CON (2XCAT A S 0.4KG +A SA H 0.085KG FR) ,BPZ - BANDED PACKS,ROYAL CANIN (ROYAL CANIN/FRANCE),ROYAL CANIN/FRANCE,Active
20836399,8801038123707,DORCO SHAI FOR WOMEN TLS1000(RAZ+BLD) ,BPZ - BANDED PACKS,DORCO,DORCO LTD,Active
69835821,7702018514922,GILLET.MACH 3 TURBO(RAZ+BLD) ,BPZ - BANDED PACKS,GILLETTE (PROCTER & GAMBLE),PROCTER & GAMBLE,Active
192761593,6924565921775,MAX SUPER COMFORT (RAZ + BLD3C) ,BPZ - BANDED PACKS,MAX (SHANTOU MARBON DAILY/CHINA),SHANTOU MARBON DAILY/CHINA,Active
83266425,8445290267870,PRO PLAN (10XDOG BE A SA S H5X0.085KG+DU A SA SM H5X0.085KG) ,BPZ - BANDED PACKS,PRO PLAN (NESTLE),NESTLE,Active
77796217,7702018537778,GILLETTE BLUE 3 HYBRID (RAZ+BLD 8) ,BPZ - BANDED PACKS,GILLETTE (PROCTER & GAMBLE),PROCTER & GAMBLE,Active
85682546,8720633000452,REXONA EKSTREMAL`NAYA ZATSHITA(DEO50+SRG180),BPZ - BANDED PACKS,REKSONA (ARNEST/UNIRUS),ARNEST/UNIRUS,Active
82861935,4680016721241,CHANTERELLE ECLIPS(DEO40+T/V55) ,BPZ - BANDED PACKS,CHANTERELLE (PARIS LINE PARFUMS/FRANCE),PARIS LINE PARFUMS/FRANCE,Active
24335832,5022496181174,DABUR(TTH HERBL SA&LE.150+TBR POW.CL.FR) ,BPZ - BANDED PACKS,NA,NA,Active
85470397,8809469775342,3W CLINIC ALOE FULL WATER ACTIVATING(2XFCR+FW+CPCX2 FR) ,BPZ - BANDED PACKS,3W CLINIC (XAI COSMETICS KOREA),XAI COSMETICS KOREA,Active
85595630,8809738312223,DEOPROCE REAL FRESH VEGAN MINI KIT(3XFCR+FW) ,BPZ - BANDED PACKS,DEOPROCE (GREENCOS/KOREA),GREENCOS/KOREA,Active
203497220,8718951693081,PALMOLIVE GURME SPA (2XSRGX250ML KLUBN.CMUZI+EZHEV.MUSS) ,BPZ - BANDED PACKS,PALMOLIVE (COLGATE-PALMOLIVE),COLGATE-PALMOLIVE,Active
49186818,8004395003600,PRORASO TOCCASANA(SHP C150+MFR B100+CPC) ,BPZ - BANDED PACKS,PRORASO (LUDOVICO MARTELLI SRL/ITALY),LUDOVICO MARTELLI SRL/ITALY,Active
67908842,7702018576555,GILLETTE MACH3 (RAZ+BLD7C) ,BPZ - BANDED PACKS,GILLETTE (PROCTER & GAMBLE),PROCTER & GAMBLE,Active
101074739,8809541281266,JIGOTT WELL-BEING GREENTEA (2XFCR 50+150+FW150+2XCPC) ,BPZ - BANDED PACKS,JIGOTT (SKININE COSMETICS/KOREA),SKININE COSMETICS/KOREA,Active
206816345,0898220009626,SIERRA BEES (8XLPSX4.25G) ,BPZ - BANDED PACKS,SIERRA BEES (MADRE LABS/USA),MADRE LABS/USA,Active
67051405,8714100859186,CAMAY MADEMOISELLE(SRG ROMAN.250+2XSOAX85 ROMAN+MADEM),BPZ - BANDED PACKS,CAMAY (ARNEST/UNIRUS),ARNEST/UNIRUS,Active
77884626,8003085708863,LA FLORENTINA POMEGRANATE & RED GRAPES(HAC75+SOA106) ,BPZ - BANDED PACKS,LA FLORENTINA (MARIO FISSI/ITALY),MARIO FISSI/ITALY,Active
216320603,8003510033201,MALIZIA ANIMALIER (DEO100 + BCR150 + CPC) ,BPZ - BANDED PACKS,MALIZIA (MIRATO/ITALY),MIRATO/ITALY,Active
41449304,7702018442980,GILLET. SENS.(SHP SER.G 200ML+MFR G 75ML) ,BPZ - BANDED PACKS,GILLETTE (PROCTER & GAMBLE),PROCTER & GAMBLE,Active
41253281,8714100921524,CAMAY TAYNOE BLAZH(SRG250+2XSOAX85 SEC.BL+MAG.SP),BPZ - BANDED PACKS,CAMAY (ARNEST/UNIRUS),ARNEST/UNIRUS,Active
85619442,8720182999894,CAMAY+BARKH.RUCHKI KRASOTA I UKHOD(SRG ROMAN.250+HAC PIT.80),BPZ - BANDED PACKS,UNABLE TO SEGMENT (ARNEST/UNIRUS),ARNEST/UNIRUS,Active
76844727,8006540420478,HERBAL ESSENCES BEL.KLUBNIKA I SLADK.MYATA(SHM400+HCR180) ,BPZ - BANDED PACKS,HERBAL ESSENCES (PROCTER & GAMBLE),PROCTER & GAMBLE,Active
67880089,8714100865156,CHERNIY ZHEMCHUG SAMOOMOL.VITAMIN C 36+(2XFCRX46 D+N),BPZ - BANDED PACKS,CHERNIY ZHEMCHUG (ARNEST/UNIRUS),ARNEST/UNIRUS,Active
68031152,8714100862070,CHIST.LIN. NEZHNOE OCHITSHENIE (FW100 + FS50),BPZ - BANDED PACKS,CHISTAYA LINIYA (ARNEST/UNIRUS),ARNEST/UNIRUS,Active
24264020,7702018388790,GILL.FUS.PROG.FLEXBALL CHR.ED.(RAZ+BLD) ,BPZ - BANDED PACKS,NA,NA,Active
40135091,8801038564586,DORCO PACE 6(RAZ+BLD) ,BPZ - BANDED PACKS,DORCO,DORCO LTD,Active
53494149,8714100810156,BARKH.RUCHKI DEN` I NOCH` (2XHACX80 PITAT+NOCHNOY),BPZ - BANDED PACKS,BARKHATNYE RUCHKI (ARNEST/UNIRUS),ARNEST/UNIRUS,Active
66720177,7702018565863,GILL.FUS.PROGLIDE (RAZ FLEXB+BLD2+CPC+CPC FR) ,BPZ - BANDED PACKS,GILLETTE (PROCTER & GAMBLE),PROCTER & GAMBLE,Active
65236360,7702018565085,GILL.FUSION PROGL(RAZ FLEXB+BLD1C+CPC FR) ,BPZ - BANDED PACKS,GILLETTE (PROCTER & GAMBLE),PROCTER & GAMBLE,Active
204234770,8700216589031,GILLETTE MACH 3 TURBO(RAZ 1C+MFR OSVEZH.LO50ML) ,BPZ - BANDED PACKS,GILLETTE (PROCTER & GAMBLE),PROCTER & GAMBLE,Active
41449407,8411061876336,ANTON.BAND.BLUE SEDUCT.WOM(50XBCR+T/V) ,BPZ - BANDED PACKS,ANTONIO BANDERAS,ANTONIO PUIG/BARSELONA,Active
87682082,8690506529185,ARKO (SHP SOOTHING HEMP FO 200+BLD PRO 3) ,BPZ - BANDED PACKS,ARKO (EVYAP),EVYAP,Active
62568177,7702018558841,GILLETTE FUSION (RAZ + BLD 3C) ,BPZ - BANDED PACKS,GILLETTE (PROCTER & GAMBLE),PROCTER & GAMBLE,Active
216317152,8003510038053,INTESA ODOUR BLOCK COMPLEX (SRG250ML+DEO150ML) ,BPZ - BANDED PACKS,INTESA (MIRATO/ITALY),MIRATO/ITALY,Active
207509287,4752171020412,SOLNTSE I LUNA KOSMICH.PRIKLYUCHENIYA(SHM200ML+SRG200ML) ,BPZ - BANDED PACKS,SOLNTSE I LUNA (COTTON CLUB),COTTON CLUB,Active
35074827,8714100716540,LESN.BAL.2XTTH (FORTE AKTIV 75ML+TR.EFFEKT 75ML FREE),BPZ - BANDED PACKS,LESNOY BALZAM (ARNEST/UNIRUS),ARNEST/UNIRUS,Active
146779839,8718951632608,PALMOLIVE ROSKOSH` MASEL S MASLOM MAKADAMII(SRG250+SOA90) ,BPZ - BANDED PACKS,PALMOLIVE (COLGATE-PALMOLIVE),COLGATE-PALMOLIVE,Active
204305747,8718951693395,PALMOLIVE ROSKOSH` MASEL S MASLOM MAKADAMII(SRG250+SOA90) ,BPZ - BANDED PACKS,PALMOLIVE (COLGATE-PALMOLIVE),COLGATE-PALMOLIVE,Active
20836299,5013405651598,SUPER-MAX KWIK III(RAZ+BLD 4CO) ,BPZ - BANDED PACKS,SUPER-MAX (SUPER-MAX/INDIA),SUPER-MAX/INDIA,Active
76421174,4752171011168,MIMISO TRIO HAND CREAM(3XHACX30ML) ,BPZ - BANDED PACKS,MIMISO (COTTON CLUB),COTTON CLUB,Active
204472328,8700216601016,OLD SPICE WHITEWATER (SRG250ML+DEO50ML) ,BPZ - BANDED PACKS,OLD SPICE (PROCTER & GAMBLE),PROCTER & GAMBLE,Active
72929407,8714100913871,BARKHATNYE RUCHKI 2V1 PITANIE I ZATSHITA(2XHAC 45+80 FR),BPZ - BANDED PACKS,BARKHATNYE RUCHKI (ARNEST/UNIRUS),ARNEST/UNIRUS,Active
85805931,8720182996329,CAMAY BOTANICALS(2XSRGX250 GRAN&KOL+SAK&VIT.B3),BPZ - BANDED PACKS,CAMAY (ARNEST/UNIRUS),ARNEST/UNIRUS,Active
62568656,7702018558827,GILL.FUS.PROGLIDE (RAZ FLEXB + BLD 2C) ,BPZ - BANDED PACKS,GILLETTE (PROCTER & GAMBLE),PROCTER & GAMBLE,Active
76789672,7702018614134,GILLETTE+HEAD&SHOUL(RAZ MACH3+SHP SER.SENS.100+SHM90) ,BPZ - BANDED PACKS,UNABLE TO SEGMENT (PROCTER & GAMBLE),PROCTER & GAMBLE,Active
65235844,7702018560301,GILLETTE SKINGUARD(RAZ + BLD 1C + CPC FR)) ,BPZ - BANDED PACKS,GILLETTE (PROCTER & GAMBLE),PROCTER & GAMBLE,Active
46376187,8001090953094,OLD SPICE WOLFTHORN(DEO STO50+SRG250) ,BPZ - BANDED PACKS,OLD SPICE (PROCTER & GAMBLE),PROCTER & GAMBLE,Active
41325663,8690506487799,ARKO SENSITIVE (SHP FO 200 + MFR C 50) ,BPZ - BANDED PACKS,ARKO (EVYAP),EVYAP,Active
208909848,8436581946284,REEBOK INSPIRE YOUR MIND (DEO150ML+CPC) ,BPZ - BANDED PACKS,REEBOK (TAILORED PERFUMES/SPAIN),TAILORED PERFUMES/SPAIN,Active
204299567,8700216593472,GILLETTE FUSION (RAZ 1C+SHP KLAS.FO 50ML) ,BPZ - BANDED PACKS,GILLETTE (PROCTER & GAMBLE),PROCTER & GAMBLE,Active
64838235,4005800282898,NIVEA ULTRA CARBON F/MEN (SRG250+DEO50 55%) ,BPZ - BANDED PACKS,NIVEA MEN (BEIERSDORF),BEIERSDORF,Active
75180713,4005800301896,NIVEA MEN PROTECT (SRG ULTRA 250+DEO CHYOR.I BEL.MAX PRO150) ,BPZ - BANDED PACKS,NIVEA (BEIERSDORF),BEIERSDORF,Active
146710728,3086123711556,BIC SOLEIL CLIC 3 SENSITIVE (RAZ+BLD 1CO+CPC) ,BPZ - BANDED PACKS,BIC (VIOLEX BIC),VIOLEX BIC,Active
23031866,4016369608715,LACALUT SENSITIVE (TTH75ML+TBR FREE) ,BPZ - BANDED PACKS,NA,NA,Active
75942914,4005800301254,NIVEA UNIVERSAL`NIY UKHOD(SOA100+BCR75+CPC FR) ,BPZ - BANDED PACKS,NIVEA (BEIERSDORF),BEIERSDORF,Active
155909173,0110027568688,JUNDO 2XDTRX1L (COLOR+BLACK) ,BPZ - BANDED PACKS,JUNDO (ATAVA/MOSKVA),ATAVA/MOSKVA,Active
219062536,3661434009853,URIAGE AGE LIFT (2XFCR D40ML+Y15ML FR) ,BPZ - BANDED PACKS,URIAGE (ANTONIO PUIG/BARSELONA),ANTONIO PUIG/BARSELONA,Active
77764045,2009880123548,TRAKTOR PLAY OFF(SHP FO200+MFR C75) ,BPZ - BANDED PACKS,TRAKTOR (TRAKTOR KHOKKEYNIY KLUB/CHELYABINSK),TRAKTOR KHOKKEYNIY KLUB/CHELYABINSK,Active
39952595,4015100204308,GLISS KUR RENOVATSIYA VOLOS(HCR200+SHM250 FR) ,BPZ - BANDED PACKS,GLISS KUR (LAB INDUSTRIES/MOSKVA),LAB INDUSTRIES/MOSKVA,Active
90827769,1220000152953,DIZAO LYUBI SEBYA! TRI ENERGII(3XFS 36G+36G+30G) ,BPZ - BANDED PACKS,DIZAO (LU SHI TSAO/JAPAN),LU SHI TSAO/JAPAN,Active
93678656,2037730856667,HIMALAYA HERBALS N1(FCR PIT.50ML+LPS 10G) ,BPZ - BANDED PACKS,HIMALAYA HERBALS (HIMALAYA GLOBAL HOLDINGS/INDIA),HIMALAYA GLOBAL HOLDINGS/INDIA,Active
95406214,1220000151949,DIZAO S UNIKAL`NOY GLINOY MANIKUAGAN (3XFS) ,BPZ - BANDED PACKS,DIZAO (LU SHI TSAO/JAPAN),LU SHI TSAO/JAPAN,Active
36478119,1220000150560,DIZAO NATURAL SCHAST`E(3XFSX28G) ,BPZ - BANDED PACKS,DIZAO (LU SHI TSAO/JAPAN),LU SHI TSAO/JAPAN,Active
95072772,2037730856643,HIMALAYA N3(FCR PIT.50ML+LPS 10G+FS MZ 30ML) ,BPZ - BANDED PACKS,HIMALAYA HERBALS (HIMALAYA GLOBAL HOLDINGS/INDIA),HIMALAYA GLOBAL HOLDINGS/INDIA,Active
70631288,1103727195024,TOPTECH REAL MEN PROF.3 (RAZ+BLD) ,BPZ - BANDED PACKS,TOPTECH (NASTOYATSHIY MUZHCHINA/CHEBOKSARY),NASTOYATSHIY MUZHCHINA/CHEBOKSARY,Active
145740711,8700216181259,OLD SPICE CAPTAIN(SRG250ML+DEO150ML) ,BPZ - BANDED PACKS,OLD SPICE (PROCTER & GAMBLE),PROCTER & GAMBLE,Active
223850791,8700216941556,OLD SPICE+HEAD & SHOULD.WOLFTHORN(SRG250ML+DEO50ML+SHM200ML),BPZ - BANDED PACKS,UNABLE TO SEGMENT (PROCTER & GAMBLE),PROCTER & GAMBLE,Active
204212024,8700216593106,GILLETTE+HEAD&SH(SHP USPOK.FO200ML+SHM OSN.UKH.2V1 200ML) ,BPZ - BANDED PACKS,UNABLE TO SEGMENT (PROCTER & GAMBLE),PROCTER & GAMBLE,Active
219204199,4603014029348,SPLAT TIME TO TRAVEL (TTH SPEC.BLACKWOOD 25GR+TBR M) ,BPZ - BANDED PACKS,SPLAT (SPLAT-KOSMETIKA/MOSKVA),SPLAT-KOSMETIKA/MOSKVA,Active
55291579,4630049640385,COMPLIMENT MEN URBAN NIGHT N1730(250XSHM+SRG+CPC) ,BPZ - BANDED PACKS,COMPLIMENT (TIMEKS KOSMETIK/MOSKVA),TIMEKS KOSMETIK/MOSKVA,Active
58448304,4627166862394,ROYAL CANIN NSB(3XCAT OV&ST.S1.5KG+2X0.01G OV&ST.SA.H FR) ,BPZ - BANDED PACKS,ROYAL CANIN (ROYAL CANIN/FRANCE),ROYAL CANIN/FRANCE,Active
54617419,4627150233681,ROYAL CANIN (2XDOG PUP.XSM.S1.5KGD+PUP.SM.SA.H2X0.085KGDFR) ,BPZ - BANDED PACKS,ROYAL CANIN (ROYAL CANIN/FRANCE),ROYAL CANIN/FRANCE,Active
219550977,4630262804748,DELICARE+SENSICARE MAGIYA UTRA (SRG300ML+HAC80ML) ,BPZ - BANDED PACKS,UNABLE TO SEGMENT (ERA HPC DISTRIBUTION/SANKT-PETERBURG),ERA HPC DISTRIBUTION/SANKT-PETERBURG,Active
175979988,4630121106754,TAIGA SIBERICA TUVA OB`YOM I SVEZHEST`(SHM270ML+HCR SER.170M ,BPZ - BANDED PACKS,TAIGA SIBERICA (NATURA SIBERICA/MOSKVA),NATURA SIBERICA/MOSKVA,Active
151169130,4640089152281,SILVER GARDEN BLACKBERRY (SRG250ML+BCR200ML) ,BPZ - BANDED PACKS,SILVER GARDEN (FESTIVA/MOSKVA),FESTIVA/MOSKVA,Active
41729384,4620020871037,ALISA V STRANE CHUDES VESYOLOE CHAEPITIE(250XSHM+SRG) ,BPZ - BANDED PACKS,ALISA V STRANE CHUDES (FESTIVA/MOSKVA),FESTIVA/MOSKVA,Active
38302122,4680008124913,BLUE MARINE COOL FOR MEN(SHM250+SHP200) ,BPZ - BANDED PACKS,BLUE MARINE,FESTIVA/MOSKVA,Active
69584778,4620046174778,ECOLATIER ORGANIC AVOCADO(200XSRG+BCR) ,BPZ - BANDED PACKS,ECOLATIER (GRINKOSMETIK GRUPP/MOSKVA),GRINKOSMETIK GRUPP/MOSKVA,Active
24890121,4640011155410,VIKING SNEZH.VERSHINY(75XSHP C+MFR C) ,BPZ - BANDED PACKS,NA,NA,Active
49692260,4680016720633,COSA NOSTRA FOR MEN(125XSHP G+MFR G-B) ,BPZ - BANDED PACKS,COSA NOSTRA (PARIS LINE PARFUMS/FRANCE),PARIS LINE PARFUMS/FRANCE,Active
71079690,4630049645212,COMPLIMENT KIDS MOY PREKR.PONI N1903(200XSHM+SRG+CPC FR) ,BPZ - BANDED PACKS,COMPLIMENT (TIMEKS KOSMETIK/MOSKVA),TIMEKS KOSMETIK/MOSKVA,Active
83886385,4630061625438,EPICA PROF.SILK WAVES(SHM300+2XHCRX300) ,BPZ - BANDED PACKS,EPICA PROFESSIONAL (INTEGRA/ZHUKOVSKIY),INTEGRA/ZHUKOVSKIY,Active
69935509,4640089150218,ALISA V STRANE CHUDES VESYOL.CHAEPITIE(LPS+CPC) ,BPZ - BANDED PACKS,ALISA V STRANE CHUDES (FESTIVA/MOSKVA),FESTIVA/MOSKVA,Active
223845321,4630262807688,WEIS+CARELAX+BAMBOLINA RETSEPT SCHAST`YA(2XSRG+SHM),BPZ - BANDED PACKS,UNABLE TO SEGMENT (ERA HPC DISTRIBUTION/SANKT-PETERBURG),ERA HPC DISTRIBUTION/SANKT-PETERBURG,Active
93534319,4680046276735,ORGANELL GENTLEMEN(SRG250ML+P/V33ML) ,BPZ - BANDED PACKS,ORGANELL (ZELYONAYA MANUFAKTURA/MOSKVA),ZELYONAYA MANUFAKTURA/MOSKVA,Active
84303576,4630049645243,COMPLIMENT KERATIN N1870(2XHCRX200 SER+BAL-MC+CPC FR) ,BPZ - BANDED PACKS,COMPLIMENT (TIMEKS KOSMETIK/MOSKVA),TIMEKS KOSMETIK/MOSKVA,Active
94739981,4680046273000,ORGANELL FLEUR NARCOTIQUE (SRG250ML+P/V33ML) ,BPZ - BANDED PACKS,ORGANELL (ZELYONAYA MANUFAKTURA/MOSKVA),ZELYONAYA MANUFAKTURA/MOSKVA,Active
209445216,4650212021346,TIME DENT (TBR + 2CPC) ,BPZ - BANDED PACKS,TIME DENT (OLEOS/PODOL`SK),OLEOS/PODOL`SK,Active
140028400,4660048363022,GLO HYPER X2 BLACK (NBU + NBS 2PCKS) ,BPZ - BANDED PACKS,UNABLE TO SEGMENT (INTERNATIONAL TOBACCO MARKETING SERVICES),INTERNATIONAL TOBACCO MARKETING SERVICES,Active
148130432,4650118441538,BEAUTERICA WINTER SPA N25(HAC270ML+SOA270M) ,BPZ - BANDED PACKS,BEAUTERICA (KOSMEYA/MOSKVA),KOSMEYA/MOSKVA,Active
153407552,4627079682508,BLITZ (6XCAT CHI&PL H2X85G+CHI&TU H2X85G+CHI&CO 2X85G)1FR ,BPZ - BANDED PACKS,BLITZ (KOMPANIYA AKANA/MOSKOVSKAYA OBL.),KOMPANIYA AKANA/MOSKOVSKAYA OBL.,Active
24203371,0050051391367,LIP SMACK.(6XLPS 3XCOCA COLA+2XFANT.+SPR ,BPZ - BANDED PACKS,NA,NA,Active
85319774,0110027479793,SYNERGETIC MIX(DTR 1L+2XBLEX1L) ,BPZ - BANDED PACKS,SYNERGETIC (SYNERGETIC/N.NOVGOROD),SYNERGETIC/N.NOVGOROD,Active
21014067,4015000977388,PALET.+SCHAUM.(COL N1+SHM BL.TSV.225 FR) ,BPZ - BANDED PACKS,UNABLE TO SEGMENT,HENKEL,Active
21014058,4015000977357,PALET.+SCHAUM.(COL WN3+SHM BL.TS.225 FR) ,BPZ - BANDED PACKS,UNABLE TO SEGMENT,HENKEL,Active
20835036,3014260274856,GILLET.MACH 3 TURBO(RAZ+BLD) ,BPZ - BANDED PACKS,GILLETTE (PROCTER & GAMBLE),PROCTER & GAMBLE,Active
21284391,4015000977418,PALET.+SCHAUM.(COL G3+SHM LYO&UKH.225FR) ,BPZ - BANDED PACKS,UNABLE TO SEGMENT,HENKEL,Active
22188484,4053158959191,GLISS KUR OIL.NUTRIT(HCR 200+SHM 250 FR) ,BPZ - BANDED PACKS,NA,NA,Active
68169811,4015100436068,TAFT+GL.KUR (HST PLEN.PRAGA 225+SHM EKST.VOS.250) ,BPZ - BANDED PACKS,UNABLE TO SEGMENT (HENKEL),HENKEL,Active
20833017,3014260315412,VENUS FOR WOMEN(RAZ+BLD) ,BPZ - BANDED PACKS,VENUS (PROCTER & GAMBLE),PROCTER & GAMBLE,Active
24232952,4005800132070,NIVEA F/MEN SENS.(MFR B100+SHP M200 FR) ,BPZ - BANDED PACKS,NIVEA MEN (BEIERSDORF),BEIERSDORF,Active
82759070,0887930422030,KODAK MAX PREMIUM (RAZ+BLD3) ,BPZ - BANDED PACKS,KODAK,KODAK,Active
39984152,4630006263824,ROSSIYSKIE MYASOPRODUKTY (2XAERX0.38 VENS.SERV+KUPECHESK) ,BPZ - BANDED PACKS,SIBIRSKAYA PRODOVOLSTVENNAYA KOMPANIYA,ROSSIYSKIE MYASOPRODUKTY,Active
54919051,8718951310124,PALM+MENNEN(SRG ARCT.WIND 3V1 250+DEO SNEZH.LAVINA 60) ,BPZ - BANDED PACKS,UNABLE TO SEGMENT (COLGATE-PALMOLIVE),COLGATE-PALMOLIVE,Active
175375893,4640021712153,BOTANICAL PHILOSOPHY PARADISE(SRG250ML+BCR150ML) ,BPZ - BANDED PACKS,BOTANICAL PHILOSOPHY (LUCHSHIE TRADITSII/MOSKVA),LUCHSHIE TRADITSII/MOSKVA,Active
101759027,4631145330446,LAVE (SHM 300ML+2XHCR 300ML+250ML) ,BPZ - BANDED PACKS,LAVE (KEMIKL PRO/MOSKVA),KEMIKL PRO/MOSKVA,Active
197748823,4630056027834,PLANETA ORGANICA TOKYO BLOSSOM(SRG280ML+BCR280ML) ,BPZ - BANDED PACKS,PLANETA ORGANICA (NATURA SIBERICA/MOSKVA),NATURA SIBERICA/MOSKVA,Active
190504363,4650017012198,CAFE MIMI LONG STRONG (SHM400ML+2XHCR 300ML+200ML) ,BPZ - BANDED PACKS,CAFE MIMI (GRINKOSMETIK GRUPP/MOSKVA),GRINKOSMETIK GRUPP/MOSKVA,Active
192102073,4630118575143,SAMMY BEAUTY (2XFS MZ COLLAG.HYDR.3X30G +ROSE HYDR.4G) ,BPZ - BANDED PACKS,SAMMY BEAUTY (BEAUTY INNOVATIONS/MOSKVA),BEAUTY INNOVATIONS/MOSKVA,Active
82885409,4670113600983,AZELIT D/KUKHNI ANTI-ZHIR(2XST,BPZ - BANDED PACKS,GRASS (GRASS TD/VOLGOGRAD),GRASS TD/VOLGOGRAD,Active
176071249,4640221701773,BREESAL(3X AFR LQ 70ML MEDITATSIYA+ANTISTRES+SLI.S PRIRODOY) ,BPZ - BANDED PACKS,BREESAL (UPECO/MOSKVA),UPECO/MOSKVA,Active
47702616,4640021010495,NOCHN.OKHOT.MYAS.KUS.V ZHEL.4X85G(MEAT.ASS+CHICK+VEAL&LAM)1F ,BPZ - BANDED PACKS,NOCHNOY OKHOTNIK (PRODKONTRAKTINVEST/ROSTOVSK.OBL.),PRODKONTRAKTINVEST/ROSTOVSK.OBL.,Active
71996899,4005800297144,NIVEA POZABOT`SYA O NYOM(2XDEO M 50+W 25 FR) ,BPZ - BANDED PACKS,NIVEA (BEIERSDORF),BEIERSDORF,Active
24302291,4005800131325,NIVEA (DEO NEV.150ML+SRG PROB.250ML FR) ,BPZ - BANDED PACKS,NA,NA,Active
41260797,4015100205282,FA+SCHAUMA F/MEN BODR.SVEZH. (SRG250 + SHM225 30%FR) ,BPZ - BANDED PACKS,UNABLE TO SEGMENT (HENKEL),HENKEL,Active
146711638,3086123711532,BIC FLEX 3 HYBRID(RAZ+BLD 1CO+CPC) ,BPZ - BANDED PACKS,BIC (VIOLEX BIC),VIOLEX BIC,Active
223841450,4606453093574,ESTEL ETO PERVIY (SHM250ML+HCR250ML+SRG250ML+BCR150ML),BPZ - BANDED PACKS,ESTEL (ESTEL/SANKT-PETERBURG),ESTEL/SANKT-PETERBURG,Active
101122364,4606453079233,ESTEL MOLOKO BOTANIC PO VKUSU VASHIM VOLOSAM(SHM250+HCR200) ,BPZ - BANDED PACKS,ESTEL (ESTEL/SANKT-PETERBURG),ESTEL/SANKT-PETERBURG,Active
49682592,4605246014833,PRINC.NOORI VYSOKOGORN(2XTEA 100TB+25TB FR) ,BPZ - BANDED PACKS,PRINCESSA NOORI (ORIMI GK/SPB),ORIMI GK/SPB,Active
24804819,4607086565681,LE BOUTON NEZH.UKHOD IRIS (75XHAC+BCR F) ,BPZ - BANDED PACKS,NA,NA,Active
22329437,4607075001244,SILCA DENT DETSKAYA (TTH KOLA 65GR+TBR) ,BPZ - BANDED PACKS,NA,NA,Active
26420694,4607070028765,ATAMAN F/MEN 4(SRG DC250+SHP G90) ,BPZ - BANDED PACKS,ATAMAN (LUCHSHIE TRADITSII/MOSKVA),LUCHSHIE TRADITSII/MOSKVA,Active
151195520,4606453083704,ESTEL PROF.COUTURE LUXURY COOL BLOND(SHM300+2XHCR 200+100) ,BPZ - BANDED PACKS,ESTEL PROFESSIONAL (ESTEL/SANKT-PETERBURG),ESTEL/SANKT-PETERBURG,Active
22328770,4607075001237,SILCA DENT DETSKAYA (TTH YABL.65GR+TBR) ,BPZ - BANDED PACKS,NA,NA,Active
22067202,8801038564975,DORCO PACE 4(RAZ+BLD) ,BPZ - BANDED PACKS,DORCO,DORCO LTD,Active
138194701,4620143626477,LEVRANA KOMPLEKS 5 STUPENEY UKHODA(2XFW+3XFCR) ,BPZ - BANDED PACKS,LEVRANA (LEVRANA/SANKT-PETERBURG),LEVRANA/SANKT-PETERBURG,Active
175613719,4673760580127,GILLETTE FUSION (RAZ+11 BLD) ,BPZ - BANDED PACKS,GILLETTE (PROCTER & GAMBLE),PROCTER & GAMBLE,Active
151339064,4640021893043,LALIBELA COFFEE G 5X200 (DI MALANO+ARAB+RICH AR+ESP+LUNCH) ,BPZ - BANDED PACKS,LALIBELA COFFEE (LALIBELA KOFE/SMOLENSK),LALIBELA KOFE/SMOLENSK,Active
153523305,4640021893173,LALIBELA COFFEE G 5X200 (DI MALANO+ARAB+RICH AR+ESP+LUNCH) ,BPZ - BANDED PACKS,LALIBELA COFFEE (LALIBELA KOFE/SMOLENSK),LALIBELA KOFE/SMOLENSK,Active
215976559,4660077774714,OLLIN PROF.HAIR CARE (SHM250ML+2XHCR 200ML+50ML) ,BPZ - BANDED PACKS,OLLIN PROFESSIONAL (ASTORIYA KOSMETIK),ASTORIYA KOSMETIK,Active
56706559,4665302180629,ECO SUGARING BIKINI(DEP330+BCR+TLP+4XCPC) ,BPZ - BANDED PACKS,ECO SUGARING (EKOSTAYL/CHELYABINSK),EKOSTAYL/CHELYABINSK,Active
84038510,4680002020365,LACTACYD MAMA I YA(2XFMPX200 CLASSIC+GIRL) ,BPZ - BANDED PACKS,LACTACYD (ALVOGEN/USA),ALVOGEN/USA,Active
141064074,4650301881318,CONSTANT DELIGHT INTENSIVE ZATSHITA TSVETA(SHM1L+HCR1L) ,BPZ - BANDED PACKS,CONSTANT DELIGHT (DELAYT TRIUMFO/MOSKVA),DELAYT TRIUMFO/MOSKVA,Active
78805054,4630146040149,SPORTY LIGHT PROTEIN COOK.ASSORTI N2 (12XSWB 40GR) ,BPZ - BANDED PACKS,SPORTY (SPORTI/NIZHNIY NOVGOROD),SPORTI/NIZHNIY NOVGOROD,Active
88293547,4640125880499,TAKE A BITEY WFF(8X35GR) ,BPZ - BANDED PACKS,TAKE A BITEY (BIOFUDLAB/MOSKVA),BIOFUDLAB/MOSKVA,Active
179748728,4620115550519,BIOKRIM VESYOLIY KIT(SHM200ML+BAC75ML) ,BPZ - BANDED PACKS,BIOKRIM (PETROBIO/SPB),PETROBIO/SPB,Active
211680584,4655753816420,MASURA NAB.D/YAP.EKSP.MANIK.SAKURA (3XNPL+4XCPC) ,BPZ - BANDED PACKS,MASURA (MASURA/MOSKVA),MASURA/MOSKVA,Active
46445460,4640001815188,BOTAVIKOS AROMATH.ENERGY(200XSHM+HCR+BCR250+SOA100+LPS) ,BPZ - BANDED PACKS,BOTAVIKOS (BOTANIKA/MOSKVA),BOTANIKA/MOSKVA,Active
216302217,4657811630658,ADRICOCO N13 SALONNIY UKHOD (HCR250+SHM250+HST100) ,BPZ - BANDED PACKS,ADRICOCO (POLEVOVA IP/KAZAN`),POLEVOVA IP/ KAZAN`,Active
223887131,4605922039594,REKSONA SIL`NEE SOMNENIY (SRG490ML+DEO150ML),BPZ - BANDED PACKS,REKSONA (ARNEST/UNIRUS),ARNEST/UNIRUS,Active
87457968,4602006327516,INFLUENCE BEAUTY(ELN EVENT HORIZON 01+EMC NEW ERA 01) ,BPZ - BANDED PACKS,INFLUENCE BEAUTY (GRADIENT GK),GRADIENT GK/MOSKVA,Active
76026067,4607034476120,R.O.C.S. BABY(TTH APPLE 45+TBR)1+1 ,BPZ - BANDED PACKS,R.O.C.S. (UNIDENT GROUP),UNIDENT GROUP,Active
192366384,4605922007326,AXE AKVATICHESKIY BERGAMOT(DEO150ML+SRG400ML),BPZ - BANDED PACKS,AKS (ARNEST/UNIRUS),ARNEST/UNIRUS,Active
210259661,4610216611882,AEVIT MITSELLYARNOE OCHTSHENIE (2XFWX200ML G+L) ,BPZ - BANDED PACKS,AEVIT (ZELDIS GK/PODOLSK),ZELDIS GK/PODOLSK,Active
75893437,4005800301391,NIVEA INTENS.UVLAZH(SOA UVL.I ZAB.100+BCR SOFT 50) ,BPZ - BANDED PACKS,NIVEA (BEIERSDORF),BEIERSDORF,Active
47751653,4603726302371,HOMME SPORT (SHM250+SRG250) ,BPZ - BANDED PACKS,HOMME SPORT (FESTIVA/MOSKVA),FESTIVA/MOSKVA,Active
223852805,4605922040132,CHERNIY ZHEMCHUG MUL`TIUKHOD (FCR46ML+FW250ML),BPZ - BANDED PACKS,CHERNIY ZHEMCHUG (ARNEST/UNIRUS),ARNEST/UNIRUS,Active
69984408,4602139000201,ARARAT AKH + LINDT (COG 0.5L + CHA 0.1KG) ,BPZ - BANDED PACKS,UNABLE TO SEGMENT,UNABLE TO SEGMENT,Active
58901987,4607194250967,O`KEY(RAZ+BLD 1CO) ,BPZ - BANDED PACKS,O`KEY (PL OKEY),PL OKEY,Active
204377535,4605922005537,DOVE KLUBNICHNIY KREM (SRG250ML+DEO50ML),BPZ - BANDED PACKS,DAV (ARNEST/UNIRUS),ARNEST/UNIRUS,Active
76889327,4607034476168,R.O.C.S. JUNIOR YAGODNIY MIKS(TTH74+TBR) ,BPZ - BANDED PACKS,R.O.C.S. (UNIDENT GROUP),UNIDENT GROUP,Active
55230146,4606033158532,ZINGER INSTRUMENTY D/PEDIKYURA(FTC+MNN) ,BPZ - BANDED PACKS,ZINGER,ZINGER GROUP,Active
204086297,4605922034155,BARKHATNYE RUCHKI KOLLEKTSIYA (3XHACX30ML),BPZ - BANDED PACKS,BARKHATNYE RUCHKI (ARNEST/UNIRUS),ARNEST/UNIRUS,Active
204333720,4605966020626,SYOSS REPAIR (SHM450ML+HCR450ML) ,BPZ - BANDED PACKS,S`YOSS (LAB INDUSTRIES/MOSKVA),LAB INDUSTRIES/MOSKVA,Active
223840495,4605922039693,REXONA+KLIAR TEENS(DEO150ML+SHM200ML),BPZ - BANDED PACKS,UNABLE TO SEGMENT (ARNEST/UNIRUS),ARNEST/UNIRUS,Active
192479145,4605922005698,DOVE GLUBOKOE PITANIE I VOSSTANOVLENIE(SHM250MML+HCR200ML),BPZ - BANDED PACKS,DAV (ARNEST/UNIRUS),ARNEST/UNIRUS,Active
204334102,8718951693357,PALMOLIVE TVOY MASSAZH I BODR.SVEZH(SRG250ML+SOA90ML+CPC FR) ,BPZ - BANDED PACKS,PALMOLIVE (COLGATE-PALMOLIVE),COLGATE-PALMOLIVE,Active
146241756,8700216155021,GILLETTE MACH 3(RAZ+SHP SENS.FO200ML) ,BPZ - BANDED PACKS,GILLETTE (PROCTER & GAMBLE),PROCTER & GAMBLE,Active
23945710,5000204837414,MR.MUSCLE 500ML(WNC Z.+FCL POS.DOZH.L FR ,BPZ - BANDED PACKS,NA,NA,Active
71069292,7702018597826,VENUS SMOOTH (RAZ+BLD3C+CPC FR) ,BPZ - BANDED PACKS,VENUS (PROCTER & GAMBLE),PROCTER & GAMBLE,Active
223850795,8700216978316,ARIEL (2XDTRX1.56KG COLOR + MOUNT.SPRING) 24%,BPZ - BANDED PACKS,ARIEL (PROCTER & GAMBLE),PROCTER & GAMBLE,Active
46391848,7702018483198,GILLETTE FUSION(RAZ 1C+SHP FUS.SENS.G75) ,BPZ - BANDED PACKS,GILLETTE (PROCTER & GAMBLE),PROCTER & GAMBLE,Active
89647081,8006540774441,OLD SPICE CAPTAIN(SRG HB250+2XDEO 150+50+CPC FR) ,BPZ - BANDED PACKS,OLD SPICE (PROCTER & GAMBLE),PROCTER & GAMBLE,Active
211868769,6291012900929,DORALL COLLECTION EVERSCENT (BCR50ML+SRG50ML+CPC) ,BPZ - BANDED PACKS,DORALL COLLECTION (AZTEC FINANCE/MAURITIUS),AZTEC FINANCE/MAURITIUS,Active
76721802,4752171010956,OLEA HAND CARE CATS(3XHACX30 UVL+PIT+KOMPL) ,BPZ - BANDED PACKS,OLEA (COTTON CLUB),COTTON CLUB,Active
55585427,8714100799710,DRAKOSHA ISTORIYA IGRUSHEK 4(240XSHM+SRG),BPZ - BANDED PACKS,HAPPY MOMENTS (ARNEST/UNIRUS),ARNEST/UNIRUS,Active
140100836,8720633011489,DOVE PODARI NEZHNOST`(SRG250ML+HAC50ML),BPZ - BANDED PACKS,DAV (ARNEST/UNIRUS),ARNEST/UNIRUS,Active
204469309,8700216600262,HEAD&SH+OLD SPICE(SHM 2V1 MENTOL 200ML+SRG CAPT.3V1 250ML) ,BPZ - BANDED PACKS,UNABLE TO SEGMENT (PROCTER & GAMBLE),PROCTER & GAMBLE,Active
75840563,7640171038773,WILLIAM LAW SPICED+PEPSI (WKS 0.7L+2XDRNX0.33L) ,BPZ - BANDED PACKS,UNABLE TO SEGMENT,UNABLE TO SEGMENT,Active
214755643,8004120032110,FIGARO (DEO FASH 150+SHP CLAS.400) ,BPZ - BANDED PACKS,FIGARO (MIRATO/ITALY),MIRATO/ITALY,Active
24265999,7702018388677,GILLET.FUSION PROGLIDE FLEXBALL(RAZ+BLD) ,BPZ - BANDED PACKS,GILLETTE (PROCTER & GAMBLE),PROCTER & GAMBLE,Active
77781802,6291012900967,DORALL COLLECTION DC ONE F/MEN(50XSRG+MFR+T/V30) ,BPZ - BANDED PACKS,DORALL COLLECTION (AZTEC FINANCE/MAURITIUS),AZTEC FINANCE/MAURITIUS,Active
93180807,6970897020396,TOPTECH PRO 3 (RAZ+24BLD) ,BPZ - BANDED PACKS,TOPTECH (NASTOYATSHIY MUZHCHINA/CHEBOKSARY),NASTOYATSHIY MUZHCHINA/CHEBOKSARY,Active
75988238,8714100907603,DOVE POZVOL` IM SIYAT`(SRG250+DEO50),BPZ - BANDED PACKS,DAV (ARNEST/UNIRUS),ARNEST/UNIRUS,Active
85482055,4620017632436,VERONESE CAPPUCCINO 30CAPS. ,BPZ - BANDED PACKS,VERONESE (SOYUZ LUR/V.NOVGOROD),SOYUZ LUR/V.NOVGOROD,Active
144227569,4603014026248,SPLAT PROFES.(TTH ULTRAKOMPL.100ML+TBR ULTRA COMPL.M BIR) ,BPZ - BANDED PACKS,SPLAT (SPLAT-KOSMETIKA/MOSKVA),SPLAT-KOSMETIKA/MOSKVA,Active
73439234,4027800709915,WILKINSON SWORD QUATT.TITAN. CORE MOTION (RAZ+BLD 8C) ,BPZ - BANDED PACKS,WILKINSON SWORD (EDGEWELL PERSONAL CARE),EDGEWELL PERSONAL CARE,Active
93165671,4600936202422,ALISA VOLSHEBNIY BLESK(2XBAC 150ML+140ML) ,BPZ - BANDED PACKS,ALISA (SVOBODA),SVOBODA,Active
129761450,4602159021842,LOVE IS. (LPS KLUB.&BANAN 4.2G+GUM COC&PINEAP.3X4.2G FR) ,BPZ - BANDED PACKS,LOVE IS... (UNABLE TO SEGMENT),UNABLE TO SEGMENT,Active
42210838,4084500887848,NIOXIN SYSTEM 1 XXL(SHM300+2XHCR 300+100) ,BPZ - BANDED PACKS,NIOXIN (WELLA/GERMANY),WELLA/GERMANY,Active
200448484,4605922033028,CHISTAYA LINIYA EZHEDN.UKHOD(FW NAT.PL.G100+FS MULTICOM.100),BPZ - BANDED PACKS,CHISTAYA LINIYA (ARNEST/UNIRUS),ARNEST/UNIRUS,Active
20158296,4607099301269,HILLTOP ZODIAK T 4X50GR + SITECHKO ,BPZ - BANDED PACKS,NA,NA,Active
23786924,4606144009471,PALM.MEN SPORT(SRG SP.750+SHP AVAL.300FR ,BPZ - BANDED PACKS,UNABLE TO SEGMENT (COLGATE-PALMOLIVE),COLGATE-PALMOLIVE,Active
72994453,4602139000256,BALLANTINES FIN+PEPSI (WKY 0.7L+DRN 1L) ,BPZ - BANDED PACKS,UNABLE TO SEGMENT,UNABLE TO SEGMENT,Active
71420152,4005800297182,NIVEA (FW MICELLAIR O2 K&N 400+LPS OSN.UKH.4.8 FR) ,BPZ - BANDED PACKS,NIVEA (BEIERSDORF),BEIERSDORF,Active
20151512,4607109401279,CILLIT BANG ANTIZH.+CIL.BANG L2X620 Z ,BPZ - BANDED PACKS,NA,NA,Active
81922681,4602009721731,SVR (FCT XERIAL 50 50ML+BCR F XERIAL 30 50ML FR) ,BPZ - BANDED PACKS,SVR (SVR LABORATOIRE/FRANCE),SVR LABORATOIRE/FRANCE,Active
223865561,4605922040101,DAV BASIC CARE (SRG250ML+BCR150ML),BPZ - BANDED PACKS,DAV (ARNEST/UNIRUS),ARNEST/UNIRUS,Active
44837294,4602233007045,PARODONTAX (2XTTH UL`TRA OCH.75+S FTOROM 50 FR) ,BPZ - BANDED PACKS,PARODONTAX (HALEON),HALEON,Active
20154773,4606144006814,PALM.F/MEN SEVER.OKEAN(SRG 750M+250M FR) ,BPZ - BANDED PACKS,PALMOLIVE (COLGATE-PALMOLIVE),COLGATE-PALMOLIVE,Active
208900350,4620016241868,BURYONKA NABOR D/PEDIKYURA (FCT500ML+FTC FR+2XCPC FR) ,BPZ - BANDED PACKS,BURYONKA (ZELDIS GK/PODOLSK),ZELDIS GK/PODOLSK,Active
146182784,4605922030850,DOVE KRASOTA I SIYANIE(SHM250ML+SRG250ML),BPZ - BANDED PACKS,DAV (ARNEST/UNIRUS),ARNEST/UNIRUS,Active
192562129,4605922032113,CHERNIY ZHEMCHUG LIFTING-EFFEKT(2XFCRX46ML D+N),BPZ - BANDED PACKS,CHERNIY ZHEMCHUG (ARNEST/UNIRUS),ARNEST/UNIRUS,Active
21014066,4015000977371,PALET.+SCHAUM.(COL A10+SHM BL.TS.225 FR) ,BPZ - BANDED PACKS,UNABLE TO SEGMENT,HENKEL,Active
84771086,1103727198001,TOPTECH PRO 3 (RAZ+30BLD) ,BPZ - BANDED PACKS,TOPTECH (NASTOYATSHIY MUZHCHINA/CHEBOKSARY),NASTOYATSHIY MUZHCHINA/CHEBOKSARY,Active
222848749,3616303474096,BRUNO BANANI LOYAL MAN (DEO50ML+CPC) ,BPZ - BANDED PACKS,BRUNO BANANI,BRUNO BANANI/GERMANY,Active
153229452,2900096228822,VASEINA KLUBNIKA(FS25G+LPS4.8G) ,BPZ - BANDED PACKS,VASEINA (ISKRA COLLECTION/MOROCCO),ISKRA COLLECTION/MOROCCO,Active
55037015,2900016927750,LUAZON (RAZ+BLD 3C) ,BPZ - BANDED PACKS,LUAZON (SIMA-LEND/EKATERINBURG),SIMA-LEND/EKATERINBURG,Active
223841443,2000292506097,HIMALAYA NEZHNIY (BCR50+HAC50),BPZ - BANDED PACKS,HIMALAYA,HIMALAYA GLOBAL HOLDINGS/INDIA,Active